bestOfferEnabled,bidCount,buyItNowAvailable,categoryId,categoryName,conditionDisplayName,conditionId,country,endTime,expeditedShipping,gift,itemId,listingType,paymentMethod,postalCode,productId_type,productId_value,returnsAccepted,sellingState,shippingType,startTime,title,topRatedListing,value
False,0,False,111422,Apple Laptops,Used,3000,US,2016-04-30T20:46:14.000Z,True,False,231929603749,Auction,PayPal,80910,ReferenceID,110909849,False,EndedWithoutSales,Free,2016-05-01T08:33:03.000Z,"Apple MacBook Pro A1278 13.3"" Laptop - MD314LL/A (October, 2011)",False,329.0
True,NA,False,111422,Apple Laptops,New other (see details),1500,US,2016-05-01T00:29:49.000Z,True,False,121972709874,FixedPrice,PayPal,34112,ReferenceID,216443224,False,EndedWithoutSales,Free,2016-05-01T07:32:55.000Z,"Apple MacBook Pro A1502 13.3"" Laptop - MF840LL/A (March, 2015)",False,650.0
False,1,True,111422,Apple Laptops,Used,3000,US,2016-05-01T01:08:28.000Z,True,False,322092331009,AuctionWithBIN,PayPal,11201,NA,NA,False,EndedWithSales,Calculated,2016-05-01T00:47:32.000Z,"MacBook Pro Retina 13"" (Early 2015 - 3.1 GHz Intel Core i7)",False,1250.0
False,NA,False,111422,Apple Laptops,For parts or not working,7000,US,2016-05-01T00:47:19.000Z,False,False,141977595939,FixedPrice,PayPal,01028,ReferenceID,110891711,False,EndedWithSales,Free,2016-05-01T00:25:13.000Z,"Apple MacBook Pro A1278 13.3"" Laptop - MD313LL/A (October, 2011) - w/ 128GB SSD",False,288.88
True,NA,False,111422,Apple Laptops,Used,3000,US,2016-05-01T01:20:00.000Z,True,False,222103505314,FixedPrice,PayPal,42240,NA,NA,False,EndedWithoutSales,Calculated,2016-05-01T00:17:13.000Z,"Mac Book Pro 2011 15.4"" Gently Used! Excellent Used Condition- Mac Store Reset!",False,600.0
False,1,True,111422,Apple Laptops,Used,3000,US,2016-04-30T23:56:10.000Z,True,False,172188205501,AuctionWithBIN,PayPal,80219,NA,NA,False,EndedWithSales,Free,2016-04-30T23:39:09.000Z,"Late 2011 Macbook PRO 17"" A1297 2.5Ghz i7 750hdd 16GB RAM excellent condition!",False,1150.0
False,1,True,111422,Apple Laptops,For parts or not working,7000,US,2016-04-30T22:42:34.000Z,True,False,152073954846,AuctionWithBIN,PayPal,60647,ReferenceID,82994118,False,EndedWithSales,Calculated,2016-04-30T22:37:28.000Z,"Apple MacBook Pro A1286 15.4"" Laptop - MC371LL/A (April, 2010) 4GB i5 FOR PARTS",False,145.0
True,NA,False,111422,Apple Laptops,Used,3000,US,2016-05-01T00:34:22.000Z,True,False,191860432577,FixedPrice,PayPal,02903,ReferenceID,115139414,False,EndedWithSales,Free,2016-04-30T22:12:49.000Z,"2012 Apple MacBook Pro 13"" i7 8GB 750GB + Apps + FREE 2Day SHIPPING! [MD102LL/A]",False,625.0
False,NA,False,111422,Apple Laptops,Used,3000,US,2016-04-30T21:36:22.000Z,True,False,131797932897,FixedPrice,PayPal,30061,NA,NA,False,EndedWithSales,Calculated,2016-04-30T21:34:11.000Z,"Apple MacBook Pro (Retina, 13-inch, Early 2013) i5 2.6Ghz 256GB SSD 8GB RAM",False,500.0
True,NA,False,111422,Apple Laptops,For parts or not working,7000,US,2016-04-30T21:53:23.000Z,False,False,371613602310,FixedPrice,PayPal,94110,NA,NA,False,EndedWithSales,Calculated,2016-04-30T21:22:52.000Z,Apple MacBook Pro A1286 2010 for parts no RAM no Hard Drive no Battery,False,149.99
False,NA,False,111422,Apple Laptops,Used,3000,US,2016-05-01T00:26:37.000Z,False,False,291752386497,FixedPrice,PayPal,12206,ReferenceID,108850048,False,EndedWithSales,FlatDomesticCalculatedInternational,2016-04-30T21:14:31.000Z,"Apple MacBook Pro A1278 13.3"" Laptop (April, 2010) - Customized",False,325.0
True,NA,False,111422,Apple Laptops,Used,3000,US,2016-04-30T22:52:21.000Z,True,False,272228965744,FixedPrice,PayPal,36695,NA,NA,False,EndedWithSales,Calculated,2016-04-30T20:55:07.000Z,APPLE MACBOOK PRO 13 RETINA i5 2.6GHZ 8GB 256GB Model A1425,False,700.0
True,NA,False,111422,Apple Laptops,Used,3000,US,2016-04-30T21:40:48.000Z,False,False,282022303897,FixedPrice,PayPal,44106,NA,NA,False,EndedWithSales,Calculated,2016-04-30T20:39:34.000Z,MacBook Pro 13-inch OS X Yosemite,False,675.0
True,NA,False,111422,Apple Laptops,Used,3000,US,2016-05-01T00:20:07.000Z,True,False,131797830045,StoreInventory,PayPal,62881,NA,NA,True,EndedWithoutSales,Flat,2016-04-30T19:58:25.000Z,"Apple MacBook Pro Late 2011 13.3"" - 2.4 Dual Core i5 - 4GB RAM - 500GB HD",True,424.99
False,NA,False,111422,Apple Laptops,Used,3000,US,2016-04-30T20:55:50.000Z,True,False,141977357238,StoreInventory,PayPal,18101,NA,NA,True,EndedWithoutSales,Free,2016-04-30T19:18:47.000Z,"Apple MacBook Pro Retina A1502 (Late 2013) 13"" i7 2.8Ghz 16GB RAM 500GB HD",False,1029.0
True,NA,False,111422,Apple Laptops,Used,3000,US,2016-04-30T19:02:48.000Z,False,False,252373601991,FixedPrice,PayPal,91203,NA,NA,False,EndedWithSales,Free,2016-04-30T18:50:44.000Z,"Used MacBook Pro 15"" (Mid 2014)",False,1250.0
False,1,True,111422,Apple Laptops,For parts or not working,7000,US,2016-04-30T18:49:58.000Z,False,False,272228858892,AuctionWithBIN,PayPal,07039,NA,NA,False,EndedWithSales,Flat,2016-04-30T18:47:23.000Z,Broken Apple MacBook Pro A1278 13-inch  For Parts,False,150.0
False,1,True,111422,Apple Laptops,For parts or not working,7000,US,2016-04-30T18:59:19.000Z,True,False,252373560464,AuctionWithBIN,PayPal,94596,ReferenceID,208034575,True,EndedWithSales,FlatDomesticCalculatedInternational,2016-04-30T18:14:19.000Z,"Apple MacBook Pro Retina 13.3"" Intel Core i5 2.6GHz 8GB 512GB SSD 2014 MGX92LL/A",False,350.0
True,NA,False,111422,Apple Laptops,Used,3000,US,2016-04-30T21:23:35.000Z,False,False,182113633418,FixedPrice,PayPal,91360,ReferenceID,99700122,True,EndedWithSales,Flat,2016-04-30T18:07:49.000Z,"Apple MacBook Pro 15.4"" Laptop - MC721LL/A 8 GB RAM Warranty EXCEPTIONALLY CLEAN",False,889.0
False,NA,False,111422,Apple Laptops,New,1000,US,2016-04-30T21:58:33.000Z,True,False,252373538560,FixedPrice,PayPal,14624,ReferenceID,217091238,True,EndedWithSales,Flat,2016-04-30T17:55:03.000Z,"Apple MacBook Pro w/ Retina display MF839LL/A 13.3"" i5 - 8GB Memory - 128GB",False,999.0
True,NA,False,111422,Apple Laptops,For parts or not working,7000,US,2016-04-30T17:49:44.000Z,True,False,111983643381,FixedPrice,PayPal,07203,ReferenceID,78091854,False,EndedWithSales,Calculated,2016-04-30T17:41:37.000Z,"Apple MacBook Pro A1229  17"" Laptop - MA897LL/A (June, 2007)",False,150.0
False,NA,False,111422,Apple Laptops,For parts or not working,7000,US,2016-04-30T17:18:58.000Z,False,False,131797684597,FixedPrice,PayPal,91501,NA,NA,False,EndedWithSales,FlatDomesticCalculatedInternational,2016-04-30T17:14:37.000Z,13” MacBook Pro MBP 13.3/2.5/2X4GB/500/SD  Purchasedon 6/26/12 Model #MD633G/A,False,150.0
False,NA,False,111422,Apple Laptops,Used,3000,US,2016-04-30T22:28:03.000Z,False,False,172187740588,StoreInventory,PayPal,07621,NA,NA,True,EndedWithoutSales,FlatDomesticCalculatedInternational,2016-04-30T16:58:58.000Z,"CUSTOM 15"" APPLE MACBOOK PRO LAPTOP~QUAD CORE I7~2.6GHZ~USB 3.0~16GB~1TB SSD~!!",False,1589.0
False,1,False,111422,Apple Laptops,Used,3000,US,2016-04-30T17:28:27.000Z,False,False,301944581713,Auction,PayPal,23669,NA,NA,False,EndedWithSales,Flat,2016-04-30T16:52:51.000Z,"Apple MacBook Pro Retina 15"" Late 2013 i7 2.0GHz 8GB 256GB SSD As Is",False,750.0
False,1,True,111422,Apple Laptops,Used,3000,US,2016-04-30T17:00:29.000Z,True,False,141977198810,AuctionWithBIN,PayPal,22192,ReferenceID,108837633,True,EndedWithSales,Calculated,2016-04-30T16:50:33.000Z,"Apple MacBook Pro 13"" Mid 2009  - Excellent Condition!",False,255.0
False,NA,False,111422,Apple Laptops,Used,3000,US,2016-04-30T16:35:41.000Z,False,False,282022389679,FixedPrice,PayPal,66210,NA,NA,False,EndedWithSales,Flat,2016-04-30T16:24:26.000Z,Apple Macbook Pro (Mid-2011) i5 2.3 GHz 4GB RAM 320 GB HDD,False,349.99
True,NA,False,111422,Apple Laptops,Used,3000,US,2016-04-30T22:06:54.000Z,False,False,162055068429,FixedPrice,PayPal,92543,NA,NA,True,EndedWithSales,Calculated,2016-04-30T16:23:30.000Z,MAcbook Pro 13 A1278 i5-3210M 8GB Memory 128GB Solid State,False,460.0
False,0,False,111422,Apple Laptops,Used,3000,US,2016-04-30T16:23:47.000Z,True,False,182113503021,Auction,PayPal,28031,ReferenceID,108837533,False,EndedWithoutSales,Calculated,2016-04-30T16:20:20.000Z,"Apple MacBook Pro 17"" Laptop (2006-2007)",False,150.0
False,1,True,111422,Apple Laptops,New other (see details),1500,US,2016-04-30T16:21:06.000Z,True,False,301944556664,AuctionWithBIN,PayPal,33131,NA,NA,False,EndedWithSales,Calculated,2016-04-30T16:16:04.000Z,"MacBook Pro 13"" 3.1GHz Dual-core Intel Core i7, Turbo Boost up to 3.4GHz",False,1290.0
True,NA,False,111422,Apple Laptops,For parts or not working,7000,US,2016-04-30T17:06:28.000Z,False,False,301944556455,FixedPrice,PayPal,44514,ReferenceID,108850048,False,EndedWithSales,Flat,2016-04-30T16:15:45.000Z,"Apple MacBook Pro | 2.66GHz Core 2 Duo | 13"" (MC375LL/A) | 4GB 320GB | AS-IS*",False,189.0
False,NA,False,111422,Apple Laptops,Used,3000,US,2016-04-30T23:05:13.000Z,False,False,222103015528,FixedPrice,PayPal,78752,ReferenceID,115182969,True,EndedWithSales,FlatDomesticCalculatedInternational,2016-04-30T16:15:30.000Z,"Great Apple MacBook Pro 13.3"" Laptop MD101LL/A (June, 2012) i5@2.50GHz 4GB 500GB",False,524.99
False,NA,False,111422,Apple Laptops,New other (see details),1500,US,2016-04-30T18:09:27.000Z,True,False,301944062547,FixedPrice,PayPal,30316,NA,NA,False,EndedWithSales,Free,2016-04-30T16:15:08.000Z,MacBook Pro,False,800.0
True,NA,False,111422,Apple Laptops,Seller refurbished,2500,US,2016-04-30T18:52:35.000Z,True,False,141976653961,FixedPrice,PayPal,99016,ReferenceID,133901446,False,EndedWithSales,Calculated,2016-04-30T16:02:49.000Z,"Apple MacBook Pro A1278 13.3"" Laptop (June, 2012) - Customized",False,525.0
False,1,True,111422,Apple Laptops,Seller refurbished,2500,US,2016-04-30T16:59:32.000Z,False,False,222103003802,AuctionWithBIN,PayPal,78745,NA,NA,False,EndedWithSales,Free,2016-04-30T15:57:55.000Z,"MacBook Pro (13-inch, Mid 2012) i5 / 8GB RAM / 500 HDD",False,500.0
True,NA,False,111422,Apple Laptops,Used,3000,US,2016-04-30T18:08:12.000Z,True,False,131797614470,FixedPrice,PayPal,19465,ReferenceID,84755204,False,EndedWithoutSales,Calculated,2016-04-30T15:41:39.000Z,"Apple MacBook Pro A1278 13.3"" Laptop - MC374LL/A (April, 2010)",False,545.0
True,NA,False,111422,Apple Laptops,Used,3000,US,2016-04-30T15:31:11.000Z,True,False,141977128532,StoreInventory,PayPal,64137,NA,NA,True,EndedWithSales,FlatDomesticCalculatedInternational,2016-04-30T15:24:34.000Z,"Apple MacBook Pro 15"" mid 2010 Core i5 2.4GHz/4GB/320GB HD 10.11",False,300.0
True,NA,False,111422,Apple Laptops,New other (see details),1500,US,2016-04-30T17:20:55.000Z,True,False,322091771697,FixedPrice,PayPal,32205,NA,NA,False,EndedWithSales,Calculated,2016-04-30T15:21:26.000Z,macbook pro 15 inch,False,600.0
True,NA,False,111422,Apple Laptops,Used,3000,US,2016-04-30T22:12:50.000Z,True,False,162055023110,FixedPrice,PayPal,75050,ReferenceID,78136059,False,EndedWithSales,Calculated,2016-04-30T15:18:26.000Z,"Apple MacBook Pro 15.4"" Lightly Used w/Upgrades: 250 gb SSD & 8 gb RAM",False,650.0
True,NA,False,111422,Apple Laptops,Used,3000,US,2016-04-30T22:59:34.000Z,False,False,231929288447,FixedPrice,PayPal,45458,NA,NA,False,EndedWithSales,Flat,2016-04-30T15:14:55.000Z,"Apple MacBook Pro A1286 15.4"" Laptop MC371LL/A April 2010 320GB 8 GB LOW SHIP",False,399.99
False,2,False,111422,Apple Laptops,Used,3000,US,2016-04-30T15:17:06.000Z,True,False,282022329467,Auction,PayPal,64844,NA,NA,False,EndedWithSales,Calculated,2016-04-30T15:14:38.000Z,Apple MacBook Pro 13.3-Retina Display,False,1000.0
False,NA,False,111422,Apple Laptops,Used,3000,US,2016-04-30T19:48:40.000Z,False,False,282022303876,FixedPrice,PayPal,33020,NA,NA,False,EndedWithSales,FlatDomesticCalculatedInternational,2016-04-30T14:39:18.000Z,"Apple MacBook Pro A1398 15.4"" Laptop (Retina) i7 2.3 Ghz 256SSD 8GB RAM Yosemite",False,799.0
True,NA,False,111422,Apple Laptops,For parts or not working,7000,CA,2016-04-30T14:48:49.000Z,False,False,322091737277,StoreInventory,PayPal,L1V6L8,ReferenceID,115231153,True,EndedWithSales,Flat,2016-04-30T14:38:47.000Z,"Apple MacBook Pro A1286 15.4"" Mid 2012 A1286 Liquid damage for part only",False,300.0
False,NA,False,111422,Apple Laptops,Used,3000,US,2016-05-01T01:15:28.000Z,False,False,282022302343,FixedPrice,PayPal,33020,NA,NA,False,EndedWithSales,FlatDomesticCalculatedInternational,2016-04-30T14:36:40.000Z,"Apple MacBook Pro A1398 15.4"" Laptop (Retina) i7 2.3 Ghz 256SSD 8GB RAM Capitan",False,799.0
True,NA,False,111422,Apple Laptops,Used,3000,US,2016-04-30T16:32:08.000Z,True,False,201572965486,FixedPrice,PayPal,55426,ReferenceID,110931896,False,EndedWithSales,Calculated,2016-04-30T14:33:28.000Z,Apple Macbook Pro 17 2.3 GHz Quad i7 + 750GB HD + 8GB Memory + Case! (Bundle),False,850.0
False,1,True,111422,Apple Laptops,Used,3000,US,2016-04-30T14:24:07.000Z,True,False,272228618012,AuctionWithBIN,PayPal,76001,ReferenceID,99741550,False,EndedWithSales,Calculated,2016-04-30T13:40:19.000Z,"Apple MacBook Pro A1278  13.3"" Laptop - MC700LL/A (February, 2011)",False,1000.0
True,NA,False,111422,Apple Laptops,Used,3000,US,2016-04-30T13:15:14.000Z,True,False,121972391546,FixedPrice,PayPal,34695,NA,NA,False,EndedWithSales,Calculated,2016-04-30T13:11:32.000Z,"Apple MacBook Pro 13"" (Mid 2012) Intel Core i5 4GB 500GB",False,535.0
True,NA,False,111422,Apple Laptops,New,1000,US,2016-04-30T19:56:37.000Z,True,False,231929192035,StoreInventory,PayPal,14228,ReferenceID,216443224,True,EndedWithSales,Free,2016-04-30T12:43:08.000Z,NEW SEALED Apple MacBook Pro 13-inch Retina Display MF840LL/A 2.7GHz 8GB 256GB,True,1349.0
False,1,True,111422,Apple Laptops,New other (see details),1500,US,2016-04-30T12:23:16.000Z,True,False,201572307174,AuctionWithBIN,PayPal,34288,NA,NA,False,EndedWithSales,Calculated,2016-04-30T12:21:17.000Z,Macbook pro 13.3 2015,False,1189.0
True,NA,False,111422,Apple Laptops,New other (see details),1500,US,2016-04-30T00:06:08.000Z,True,False,201572287849,FixedPrice,PayPal,34288,ReferenceID,219476966,False,EndedWithoutSales,Calculated,2016-04-30T12:04:04.000Z,"Apple MacBook Pro 13.3"" Laptop - retina display late (2015)",False,1000.0
False,1,False,111422,Apple Laptops,Used,3000,US,2016-04-30T11:15:03.000Z,True,False,282021613928,Auction,PayPal,64844,NA,NA,False,EndedWithSales,Calculated,2016-04-30T11:13:35.000Z,Apple MacBook Pro 13.3-Retina Display,False,1000.0
False,0,False,111422,Apple Laptops,For parts or not working,7000,US,2016-04-30T23:02:20.000Z,True,False,222102757686,Auction,PayPal,27703,ReferenceID,78136119,False,EndedWithoutSales,Flat,2016-04-30T10:40:39.000Z,"Macbook Pro Model A1278 - 2.53GHz, 2GB Charges AS IS",False,199.0
False,NA,False,111422,Apple Laptops,Used,3000,US,2016-04-30T20:11:27.000Z,True,False,191859942802,StoreInventory,PayPal,75002,NA,NA,True,EndedWithSales,Free,2016-04-30T09:09:05.000Z,"Apple Macbook Pro A1502 13"" Retina Late 2013 (2.4GHz i5/8GB/256GB SSD) ME865LL/A",True,790.0
False,6,False,111422,Apple Laptops,New,1000,US,2016-04-30T20:30:26.000Z,False,False,262412204866,Auction,PayPal,90024,ReferenceID,219657843,False,EndedWithSales,Free,2016-04-30T08:30:35.000Z,"Apple - MacBook Pro - 15.4"" Fully loaded. (Latest model) Z0RG1LL/A",False,1850.0
False,1,True,111422,Apple Laptops,New,1000,US,2016-04-30T20:23:38.000Z,False,False,262412199799,AuctionWithBIN,PayPal,90024,ReferenceID,219657843,False,EndedWithSales,Free,2016-04-30T08:23:52.000Z,"Apple - MacBook Pro - 15.4"" Fully loaded. (Latest model) Z0RG1LL/A",False,1500.0
False,6,False,111422,Apple Laptops,New,1000,US,2016-04-30T20:18:37.000Z,False,False,262412196413,Auction,PayPal,90024,ReferenceID,219657843,False,EndedWithSales,Free,2016-04-30T08:18:43.000Z,"Apple - MacBook Pro - 15.4"" Fully loaded. (Latest model) Z0RG1LL/A",False,2001.0
False,NA,False,111422,Apple Laptops,Used,3000,US,2016-04-30T21:31:08.000Z,True,False,282021960408,StoreInventory,PayPal,94524,NA,NA,False,EndedWithSales,FlatDomesticCalculatedInternational,2016-04-30T07:34:57.000Z,15.4 MacBook Pro Retina Mid 2015 Z0RF00052 2.2GHz i7 512GB SSD 16GB RAM 3 Cycles,False,1700.0
False,NA,False,111422,Apple Laptops,Used,3000,US,2016-04-30T20:04:35.000Z,True,False,131797277680,StoreInventory,PayPal,60169,NA,NA,True,EndedWithSales,Free,2016-04-30T07:26:58.000Z,Apple MacBook Pro 13-inch 2.40GHz Intel Core i5 4GB 500GB OS Capitan 2011 Office,False,400.0
True,NA,False,111422,Apple Laptops,Used,3000,US,2016-04-30T18:15:35.000Z,True,False,231928979144,FixedPrice,PayPal,06418,NA,NA,False,EndedWithoutSales,Free,2016-04-30T07:17:50.000Z,"Apple MacBook Pro 13.3 Laptop w/Retina, Intel Core i7 3.1GHz, 512gb SSD,16gb RAM",False,2005.0
False,NA,False,111422,Apple Laptops,Used,3000,US,2016-04-30T08:45:13.000Z,True,False,282021935603,FixedPrice,PayPal,95762,ReferenceID,78135889,True,EndedWithSales,FlatDomesticCalculatedInternational,2016-04-30T07:02:45.000Z,"Apple Macbook Pro 15"": Core 2 Duo 2.6, 500GB,OS X 10.9 Mavericks, WIFI",False,230.0
False,NA,False,111422,Apple Laptops,Used,3000,US,2016-04-30T23:32:20.000Z,True,False,282021923159,StoreInventory,PayPal,91364,NA,NA,True,EndedWithoutSales,FlatDomesticCalculatedInternational,2016-04-30T06:43:59.000Z,"15"" APPLE MACBOOK PRO CUSTOM QUAD I7 2.7G 16GB 1TB SSD DVD 2012 ANTIGLARE LAPTOP",True,1757.56
False,NA,False,111422,Apple Laptops,New,1000,US,2016-04-30T14:42:51.000Z,True,False,152073123343,FixedPrice,PayPal,63801,ReferenceID,217009412,True,EndedWithSales,Calculated,2016-04-30T06:38:04.000Z,"Apple 15.4"" MacBook Pro w/Retina Display & Force Touch Trackpad MJLQ2LL/A",False,1300.0
False,1,True,111422,Apple Laptops,Used,3000,US,2016-04-30T10:46:34.000Z,False,False,172187076670,AuctionWithBIN,PayPal,78230,NA,NA,False,EndedWithSales,Free,2016-04-30T06:32:44.000Z,"Apple 15"" MacBook Pro Mid 2012 2.3GHz i7 4GB 500GB A1286",False,575.0
False,1,False,111422,Apple Laptops,Used,3000,US,2016-04-30T16:12:16.000Z,True,False,201571964792,Auction,PayPal,22312,ReferenceID,99700122,False,EndedWithSales,Flat,2016-04-30T06:01:45.000Z,"Apple MacBook Pro 15.4"" i7 processor, 2.2 GHz, 8 GB memory, 750 GB drive",False,514.0
False,NA,False,111422,Apple Laptops,Used,3000,US,2016-04-30T22:38:04.000Z,False,False,222102554250,FixedPrice,PayPal,11550,ReferenceID,78136029,False,EndedWithoutSales,Calculated,2016-04-30T05:47:15.000Z,"Apple MacBook Pro A1286  15.4"" Laptop - MB985LL/A (June, 2009)",False,320.0
True,NA,False,111422,Apple Laptops,Used,3000,US,2016-04-30T16:20:29.000Z,False,False,282021865045,FixedPrice,PayPal,90037,ReferenceID,174477604,True,EndedWithSales,Flat,2016-04-30T05:24:37.000Z,"Apple MacBook Pro A1398 15"" Laptop 2013 Inteli7 16GB 500 SSD Retina ""Apple Care""",False,1319.95
False,1,False,111422,Apple Laptops,Used,3000,US,2016-04-30T07:17:51.000Z,True,False,272227868566,Auction,PayPal,91355,ReferenceID,143366736,False,EndedWithSales,Calculated,2016-04-30T05:13:05.000Z,"MacBook Pro 15"" Retina (SSD, nVida, i7, 16GB RAM)",False,1352.0
False,NA,False,111422,Apple Laptops,Used,3000,US,2016-04-30T05:40:41.000Z,True,False,121972078052,FixedPrice,PayPal,56301,NA,NA,False,EndedWithoutSales,Calculated,2016-04-30T05:10:25.000Z,"Apple Macbook Pro 13"" | Mid 2012, i7 2.9 GHz, 8 GB Ram, 1 TB HDD, A1278",False,700.0
True,NA,False,111422,Apple Laptops,Manufacturer refurbished,2000,US,2016-04-30T05:10:05.000Z,True,False,322090854326,FixedPrice,PayPal,07305,ReferenceID,219486612,False,EndedWithSales,Free,2016-04-30T05:09:12.000Z,"Apple MacBook Pro 15.4"" Laptop - Bundle",False,900.0
False,NA,False,111422,Apple Laptops,Used,3000,US,2016-04-30T19:15:19.000Z,True,False,301944072284,FixedPrice,PayPal,94536,ReferenceID,115182969,False,EndedWithSales,FlatDomesticCalculatedInternational,2016-04-30T04:29:25.000Z,"Apple MacBook Pro A1278 13.3"" Laptop - MD101LL/A (June, 2012) 2.5GHz 8GB Mid 12",False,599.0
False,NA,False,111422,Apple Laptops,New,1000,US,2016-04-30T13:11:56.000Z,True,False,252372871318,StoreInventory,PayPal,48126,ReferenceID,216443224,False,EndedWithSales,Free,2016-04-30T03:39:49.000Z,NEW SEALED Apple MacBook Pro 13-inch Retina Display MF840LL/A 2.7GHz 8GB 256GB,False,1150.0
True,NA,False,111422,Apple Laptops,Used,3000,US,2016-04-30T12:25:31.000Z,True,False,331844202683,StoreInventory,PayPal,30024,ReferenceID,143366736,True,EndedWithSales,FlatDomesticCalculatedInternational,2016-04-30T03:29:20.000Z,"2013 Apple MacBook Pro RETINA 15"" QUAD CORE i7 16GB 256GB SSD/FLASH 2.4GHz",True,1250.0
True,NA,False,111422,Apple Laptops,Used,3000,US,2016-04-30T04:05:06.000Z,True,False,252372862582,FixedPrice,PayPal,97070,ReferenceID,174472295,False,EndedWithSales,Flat,2016-04-30T03:25:13.000Z,"Apple MacBook Pro A1502 13.3"" Laptop - ME865LL/A (October, 2013) 256 SSD Drive",False,799.0
False,0,False,111422,Apple Laptops,Used,3000,US,2016-04-30T17:58:41.000Z,True,False,322091198995,Auction,PayPal,19139,NA,NA,False,EndedWithoutSales,FlatDomesticCalculatedInternational,2016-04-30T03:05:13.000Z,"MacBook Pro 15"" with Retina Display / 2.2GHz i7 / 16GB RAM / 256GB SSD",False,1275.0
True,NA,False,111422,Apple Laptops,Used,3000,US,2016-04-30T12:09:36.000Z,True,False,301944026905,FixedPrice,PayPal,45647,NA,NA,False,EndedWithoutSales,FlatDomesticCalculatedInternational,2016-04-30T02:59:32.000Z,"Nice 15"" Macbook Pro 2.5GHz 16 GB",False,350.0
True,NA,False,111422,Apple Laptops,For parts or not working,7000,US,2016-04-30T04:01:56.000Z,False,False,262412442980,FixedPrice,PayPal,30038,NA,NA,False,EndedWithSales,FlatDomesticCalculatedInternational,2016-04-30T02:54:30.000Z,"macbook pro 17"" mid 2010",False,170.0
False,NA,False,111422,Apple Laptops,New,1000,US,2016-04-30T18:44:00.000Z,False,False,311602722475,StoreInventory,PayPal,90012,NA,NA,False,EndedWithSales,FlatDomesticCalculatedInternational,2016-04-30T02:27:01.000Z,"NEW Apple 15"" MacBook Pro Retina Force Touch 2.2GHz i7 16GB 256GB MJLQ2LL/A",False,1775.0
True,NA,False,111422,Apple Laptops,Used,3000,US,2016-04-30T02:49:06.000Z,False,False,111983090466,FixedPrice,PayPal,36022,NA,NA,False,EndedWithSales,Flat,2016-04-30T02:17:10.000Z,Apple MacBook Pro 17 Inch,False,350.0
True,NA,False,111422,Apple Laptops,Used,3000,US,2016-04-30T02:56:35.000Z,True,False,191859680954,FixedPrice,PayPal,10001,NA,NA,False,EndedWithSales,Flat,2016-04-30T02:17:10.000Z,"Apple MacBook Pro 13"" (Mid 2009) 2.53GHz Intel Core 2 Duo 4GB HDD 250GB",False,250.0
False,NA,False,111422,Apple Laptops,Used,3000,US,2016-04-30T04:48:19.000Z,True,False,282021722070,StoreInventory,PayPal,94014,NA,NA,True,EndedWithSales,FlatDomesticCalculatedInternational,2016-04-30T02:13:24.000Z,"Apple MacBook Pro 15"" Laptop  (Mid 2012) i7 2.6GHZ 8GB RAM 750GB HD OS X10.8.5",True,699.0
False,4,True,111422,Apple Laptops,Used,3000,US,2016-04-30T17:56:47.000Z,True,False,152072950530,AuctionWithBIN,PayPal,43606,ReferenceID,115182969,False,EndedWithSales,Free,2016-04-30T02:10:55.000Z,"Apple MacBook Pro 13.3"" Laptop (June, 2012) - Customized 16 GB RAM, 750 GB HD",False,539.0
False,NA,False,111422,Apple Laptops,Used,3000,US,2016-04-30T19:29:30.000Z,True,False,222102400268,FixedPrice,PayPal,01013,NA,NA,False,EndedWithSales,Free,2016-04-30T02:00:43.000Z,"2013 15"" MacBook Pro 2.4Ghz i7 8GB RAM 256SSD RETINA Office, Cs6, AppleCare",False,1150.0
False,NA,False,111422,Apple Laptops,Used,3000,US,2016-04-30T16:15:29.000Z,False,False,282021705695,FixedPrice,PayPal,11510,ReferenceID,78136029,False,EndedWithSales,Calculated,2016-04-30T01:51:31.000Z,MACBOOK PRO JUNE 2009 MB985LL/A,False,325.0
True,NA,False,111422,Apple Laptops,Used,3000,US,2016-04-30T23:08:44.000Z,True,False,172186758047,FixedPrice,PayPal,18371,NA,NA,True,EndedWithSales,Calculated,2016-04-30T01:39:07.000Z,"Apple MacBook Pro 13"" 2.5GHz Core i5 (Mid 2012 - MD101LL/A) 500GB HDD, 8GB RAM",False,490.0
True,NA,False,111422,Apple Laptops,Seller refurbished,2500,US,2016-04-30T02:31:31.000Z,True,False,182112673845,FixedPrice,PayPal,90048,NA,NA,False,EndedWithSales,Calculated,2016-04-30T01:36:26.000Z,"Apple MacBook Pro Retina 13.3"" Intel Core i5 2.6GHz 8GB 256GB SSD 2014 MGX82LL/A",False,899.0
True,NA,False,111422,Apple Laptops,Used,3000,US,2016-04-30T20:08:03.000Z,True,False,331844160464,FixedPrice,PayPal,48127,NA,NA,False,EndedWithoutSales,Calculated,2016-04-30T01:30:45.000Z,"Apple Macbook Pro RETINA Mid 2012 15.4"" i7 8gb RAM 256gb 2.3GHz",False,799.0
False,1,False,111422,Apple Laptops,Used,3000,US,2016-04-30T01:45:27.000Z,False,False,222102386036,Auction,PayPal,84780,ReferenceID,108849237,False,EndedWithSales,Calculated,2016-04-30T01:30:38.000Z,"Apple Macbook Pro 15"" C2D 2.4Ghz",False,50.0
True,NA,False,111422,Apple Laptops,Manufacturer refurbished,2000,US,2016-04-30T01:29:39.000Z,True,False,252372791905,FixedPrice,PayPal,35802,ReferenceID,208069636,False,EndedWithoutSales,Flat,2016-04-30T01:28:39.000Z,"Apple MacBook Pro 13.3"" Laptop (July, 2014) - Customized",False,950.0
True,NA,False,111422,Apple Laptops,Used,3000,US,2016-04-30T05:04:55.000Z,True,False,252372791116,FixedPrice,PayPal,93444,NA,NA,False,EndedWithSales,Calculated,2016-04-30T01:27:18.000Z,2011 MacBook Pro,False,800.0
True,NA,False,111422,Apple Laptops,Used,3000,US,2016-04-30T08:37:37.000Z,True,False,262412396328,StoreInventory,PayPal,33619,NA,NA,True,EndedWithSales,Calculated,2016-04-30T01:25:37.000Z,"13"" MacBook Pro Late 2011 -2.4 Dual Core i5 -8GB RAM - 1tb HD",False,480.0
False,NA,False,111422,Apple Laptops,Used,3000,US,2016-04-30T09:13:39.000Z,True,False,262412396132,StoreInventory,PayPal,07512,NA,NA,True,EndedWithSales,Free,2016-04-30T01:25:04.000Z,"Apple MacBook Pro 13"" 500gb Loaded Software Office, Photoshop Final cut DJ apps",False,550.0
False,1,True,111422,Apple Laptops,Used,3000,US,2016-04-30T16:18:53.000Z,True,False,231928773041,AuctionWithBIN,PayPal,07463,NA,NA,False,EndedWithSales,Free,2016-04-30T01:18:58.000Z,"MacBook Pro Retina 13-inch, Late 2013 ME865LL/A i5, 8Gb Ram, 256 SSD, Applecare",False,940.0
True,NA,False,111422,Apple Laptops,Used,3000,US,2016-04-30T12:58:58.000Z,True,False,182112656240,StoreInventory,PayPal,43338,NA,NA,True,EndedWithSales,FlatDomesticCalculatedInternational,2016-04-30T01:02:43.000Z,"Apple MacBook Pro 13"" Core 2 Duo Laptop (Mid-2009, 2.53GHz, 500GB HDD, 4GB RAM",True,350.0
False,NA,False,111422,Apple Laptops,Used,3000,US,2016-04-30T21:26:59.000Z,True,False,272228184508,StoreInventory,PayPal,94014,NA,NA,True,EndedWithoutSales,FlatDomesticCalculatedInternational,2016-04-30T01:00:16.000Z,"APPLE MACBOOK PRO 13"" LATE 2011  16GB RAM 500GB 2.4GHz i5 ( FAST SHIPPING )",True,649.0
True,NA,False,111422,Apple Laptops,Used,3000,US,2016-05-01T00:43:10.000Z,True,False,231928760745,FixedPrice,PayPal,NA,ReferenceID,110910365,True,EndedWithSales,FlatDomesticCalculatedInternational,2016-04-30T00:57:00.000Z,"Excellent Apple MacBook Pro 15.4"" Laptop 2011. 2.2 Ghz, EL Capitan ON SALE WOW !",True,565.0
False,0,True,111422,Apple Laptops,Used,3000,US,2016-05-01T00:54:12.000Z,False,False,172186708915,AuctionWithBIN,PayPal,90210,NA,NA,True,EndedWithoutSales,Free,2016-04-30T00:54:12.000Z,"Awesome  MacBook Pro 15"" 2.2 250GB ADOBE CS6 Master| FCPX |OffX|VDJ  FREESHIP",False,499.99
False,NA,False,111422,Apple Laptops,New,1000,US,2016-04-30T10:43:10.000Z,True,False,322091131790,FixedPrice,PayPal,NA,NA,NA,True,EndedWithSales,FlatDomesticCalculatedInternational,2016-04-30T00:44:20.000Z,"New MacBook Pro 15.4"" MJLT2LL/A 2.5GHz 16GB RAM 512GB FLash Mid 2015 +Apple Care",True,2069.0
True,NA,False,111422,Apple Laptops,New,1000,US,2016-04-30T16:04:28.000Z,True,False,262412361972,FixedPrice,PayPal,08817,NA,NA,False,EndedWithSales,Free,2016-04-30T00:29:05.000Z,FACTORY SEALED! Apple Macbook Pro Retina Display 13.3in 128GB LATEST MODEL!!,False,1100.0
False,1,False,111422,Apple Laptops,Used,3000,US,2016-04-30T07:15:29.000Z,True,False,331844138767,Auction,PayPal,01259,ReferenceID,129572130,False,EndedWithSales,Calculated,2016-04-30T00:25:51.000Z,"Apple MacBook Pro 13.3"" Laptop with Retina Display - Customized",False,499.0
False,NA,False,111422,Apple Laptops,Used,3000,US,2016-04-30T23:57:38.000Z,True,False,252372749824,StoreInventory,PayPal,21224,ReferenceID,219486336,False,EndedWithoutSales,Flat,2016-04-30T00:23:30.000Z,Late 2011 2.5GHZ Apple Macbook Pro 17 16GB 2TB HD 2011 Office 2011 Anti virus,False,820.0
False,22,False,111422,Apple Laptops,For parts or not working,7000,US,2016-05-01T00:00:29.000Z,False,False,262411849633,Auction,PayPal,07006,NA,NA,False,EndedWithSales,Free,2016-04-30T00:00:29.000Z,"Apple Macbook Pro A1278 13"" (MD101LL/A) Core i5 2.5GHz 4GB RAM Laptop",False,136.5
True,NA,False,111422,Apple Laptops,Used,3000,US,2016-04-30T18:44:53.000Z,False,False,331844128764,StoreInventory,PayPal,80231,ReferenceID,110891711,True,EndedWithSales,Flat,2016-04-29T23:54:30.000Z,"Apple MacBook Pro 8.1 MD313LL/A 13.3"" Laptop i5 2.4GHz,4GB,500GB,Superdrive",True,449.99
False,NA,False,111422,Apple Laptops,Used,3000,US,2016-04-30T02:56:23.000Z,True,False,282021634658,StoreInventory,PayPal,94112,NA,NA,False,EndedWithSales,Flat,2016-04-29T23:53:48.000Z,"Apple RETINA Macbook Pro 15in 2015 16GB RAM, AMD, Applecare, low cycles!",False,1900.0
True,NA,False,111422,Apple Laptops,Used,3000,US,2016-04-30T01:19:59.000Z,True,False,172186657402,FixedPrice,PayPal,02125,NA,NA,False,EndedWithoutSales,Free,2016-04-29T23:49:19.000Z,"Apple MacBook Pro 17"" Laptop (Mid 2010)",False,1200.0
False,NA,False,111422,Apple Laptops,Manufacturer refurbished,2000,US,2016-04-30T16:18:39.000Z,True,False,201572278496,FixedPrice,PayPal,98683,NA,NA,False,EndedWithSales,Free,2016-04-29T23:49:15.000Z,"APPLE MACBOOK PRO LATE 2011 15"", 2.2GHZ i7, 16GB, 1TB SSHD -WARRANTY- LOADED",False,880.0
False,NA,False,111422,Apple Laptops,Used,3000,US,2016-04-30T00:09:08.000Z,True,False,252372722768,FixedPrice,PayPal,98665,NA,NA,True,EndedWithSales,Free,2016-04-29T23:42:56.000Z,"MacBook Pro 15 inch Mid 2015 - 2.8GHz, 1TB SSD, 16GB RAM",True,2100.0
True,NA,False,111422,Apple Laptops,Used,3000,US,2016-04-30T20:55:22.000Z,False,False,172186645623,FixedPrice,PayPal,28227,ReferenceID,129572130,False,EndedWithoutSales,FlatDomesticCalculatedInternational,2016-04-29T23:39:36.000Z,"Apple MacBook Pro 13.3"" Laptop with Retina Display (October, 2012) - Customized",False,710.0
False,NA,False,111422,Apple Laptops,For parts or not working,7000,US,2016-04-30T02:42:57.000Z,False,False,262412325438,FixedPrice,PayPal,30038,NA,NA,False,EndedWithSales,FlatDomesticCalculatedInternational,2016-04-29T23:33:27.000Z,"macbook pro 15.6"" early 2011 core i7",False,199.0
False,62,False,111422,Apple Laptops,Used,3000,US,2016-04-30T23:30:53.000Z,True,False,272228144099,Auction,PayPal,51104,ReferenceID,143421978,False,EndedWithSales,FlatDomesticCalculatedInternational,2016-04-29T23:30:53.000Z,"Apple MacBook Pro Retina 15"" 2.4GHz Quad Core i7 8GB/256GB Flash ME664LL/A",False,921.01
False,NA,False,111422,Apple Laptops,Used,3000,US,2016-04-30T09:56:08.000Z,True,False,331844120188,FixedPrice,PayPal,89119,NA,NA,True,EndedWithSales,Flat,2016-04-29T23:26:15.000Z,"APPLE MACBOOK PRO 13"" 2.5GHZ INTEL i5 500GB SOLID STATE HYBRID 8GB RAM LAPTOP",False,500.0
True,NA,False,111422,Apple Laptops,Used,3000,US,2016-04-30T15:28:44.000Z,True,False,182112577744,FixedPrice,PayPal,60637,NA,NA,False,EndedWithSales,Free,2016-04-29T23:25:44.000Z,"MacBook Pro (Retina, 15-inch, Late 2013)",False,1600.0
True,NA,False,111422,Apple Laptops,New other (see details),1500,US,2016-04-30T00:51:15.000Z,True,False,252372708784,FixedPrice,PayPal,95124,ReferenceID,208069636,False,EndedWithSales,Calculated,2016-04-29T23:21:17.000Z,"Apple MacBook Pro 13"" Laptop (July, 2014) - LED-Backlit widescreen notebook",False,950.0
True,NA,False,111422,Apple Laptops,Used,3000,US,2016-04-30T15:13:43.000Z,False,False,291751628382,StoreInventory,PayPal,60172,ReferenceID,108789841,True,EndedWithSales,Free,2016-04-29T23:20:07.000Z,"Apple MacBook Pro 15.4"" Laptop MA609LL Core 2 Duo 2.16Ghz 3GB 120GB No Battery",False,79.95
False,NA,False,111422,Apple Laptops,Used,3000,US,2016-04-30T17:29:46.000Z,True,False,262412316994,FixedPrice,PayPal,30115,ReferenceID,216443224,True,EndedWithSales,Calculated,2016-04-29T23:18:56.000Z,"Apple MacBook Pro Retina Display Core i5 2.7GHz 13"" 8GB MF840LL/A El Capitan",True,1069.99
False,NA,False,111422,Apple Laptops,Used,3000,US,2016-04-30T06:49:38.000Z,True,False,272228138089,FixedPrice,PayPal,30115,ReferenceID,219424021,True,EndedWithSales,Calculated,2016-04-29T23:18:09.000Z,"Apple MacBook Pro Retina Display Core i7 2.5GHz 16GB 512GB 15"" MJLT2LL/A",True,1829.99
False,4,False,111422,Apple Laptops,Used,3000,US,2016-04-30T23:14:23.000Z,True,False,162054399181,Auction,PayPal,33317,NA,NA,True,EndedWithSales,FlatDomesticCalculatedInternational,2016-04-29T23:14:23.000Z,"Apple Mid 2012 15"" Macbook Pro 2.6Ghz i7 8GB RAM 750GB RETINA HD",False,685.0
True,NA,False,111422,Apple Laptops,Seller refurbished,2500,US,2016-04-30T06:31:27.000Z,False,False,262412309308,FixedPrice,PayPal,60615,ReferenceID,99741550,False,EndedWithSales,Calculated,2016-04-29T23:04:53.000Z,"Apple MacBook Pro 13.3"" Laptop - MC700LL/A (February, 2011)",False,650.0
True,NA,False,111422,Apple Laptops,New,1000,US,2016-04-30T19:25:02.000Z,True,False,262412308123,FixedPrice,PayPal,08817,NA,NA,False,EndedWithSales,Free,2016-04-29T23:02:05.000Z,Factory Sealed!! Macbook Pro Retina Display 128gb 13.3in MF839LL/A (2015),False,1100.0
True,NA,False,111422,Apple Laptops,Used,3000,US,2016-04-29T23:15:32.000Z,True,False,111983013563,StoreInventory,PayPal,95050,ReferenceID,115174685,True,EndedWithoutSales,FlatDomesticCalculatedInternational,2016-04-29T22:51:12.000Z,"Apple MacBook Pro MID 2012 i5 13"" 2.5 GHz 750 GB HD 8GB RAM MD101LL/A WARRANTY",True,599.0
True,NA,False,111422,Apple Laptops,For parts or not working,7000,US,2016-04-30T15:20:20.000Z,False,False,252372689532,FixedPrice,PayPal,11212,NA,NA,True,EndedWithSales,FlatDomesticCalculatedInternational,2016-04-29T22:48:02.000Z,"APPLE MACBOOK PRO (13-INCH, MID 2010 Three Keys NOT WORKING (P L M)",True,275.0
True,NA,False,111422,Apple Laptops,Used,3000,US,2016-04-30T20:23:53.000Z,True,False,131796959283,StoreInventory,PayPal,45458,NA,NA,True,EndedWithSales,Free,2016-04-29T22:45:17.000Z,2015 Apple 13-inch Macbook Pro with Retina Display 8GB 128 GB,True,900.0
False,NA,False,111422,Apple Laptops,Used,3000,US,2016-04-30T02:20:05.000Z,True,False,191859467952,StoreInventory,PayPal,94601,NA,NA,False,EndedWithoutSales,Calculated,2016-04-29T22:41:36.000Z,"MacBook Pro Retina 15"" Mid 2015 2.2 Core i7-16GB RAM 256 SSD Service Cov11/19/16",False,1420.0
True,NA,False,111422,Apple Laptops,Used,3000,US,2016-04-29T23:03:18.000Z,False,False,222102301249,StoreInventory,PayPal,85009,NA,NA,False,EndedWithSales,FlatDomesticCalculatedInternational,2016-04-29T22:40:13.000Z,"Macbook Pro 15"" Retina | Mid 2015, i7 2.8 GHz, 16 GB Ram, 512 SSD, AMD R9 M370X",False,1850.0
False,NA,False,111422,Apple Laptops,Used,3000,US,2016-04-30T00:21:22.000Z,False,False,371612865848,StoreInventory,PayPal,94309,NA,NA,True,EndedWithSales,FlatDomesticCalculatedInternational,2016-04-29T22:38:08.000Z,"Apple Macbook Pro 17"" 2007 Core 2 Duo 2.6Ghz 2GB RAM 500 GB HDD OS X 10.7 Lion",False,299.99
False,1,True,111422,Apple Laptops,Seller refurbished,2500,US,2016-04-30T16:21:44.000Z,True,False,121971814521,AuctionWithBIN,PayPal,48212,NA,NA,False,EndedWithSales,Free,2016-04-29T22:26:27.000Z,MacBook Pro 13 inches mid 2010 8GB Ram 500GB HD in Excellent condition!,False,470.0
True,NA,False,111422,Apple Laptops,Used,3000,US,2016-04-30T01:23:30.000Z,False,False,291751595347,StoreInventory,PayPal,60172,ReferenceID,108796619,True,EndedWithSales,Free,2016-04-29T22:23:49.000Z,"Apple MacBook Pro 15.4"" Laptop MA463LL/A Core Duo 1.83Ghz 2GB 500GB No Battery",False,69.95
False,1,True,111422,Apple Laptops,Used,3000,US,2016-05-01T01:25:50.000Z,False,False,141976405304,AuctionWithBIN,PayPal,19067,NA,NA,True,EndedWithSales,Flat,2016-04-29T22:09:09.000Z,"Apple MacBook Pro ""Core i7"" 2.6 15"" Retina (mid - 2012)",False,1050.0
False,NA,False,111422,Apple Laptops,Used,3000,US,2016-04-29T22:02:51.000Z,False,False,252372656771,StoreInventory,PayPal,78006,ReferenceID,108850048,True,EndedWithSales,FlatDomesticCalculatedInternational,2016-04-29T21:58:50.000Z,"13"" Apple Macbook Pro 2.4 GHz + 8 GB RAM + 1 TB Hybrid Solid State Drive!!",True,650.0
False,30,False,111422,Apple Laptops,Used,3000,US,2016-04-30T21:55:13.000Z,False,False,111982970356,Auction,PayPal,19803,ReferenceID,115174372,False,EndedWithSales,Calculated,2016-04-29T21:55:13.000Z,"Apple MacBook Pro A1286 15.4"" Laptop  2012 15 inch 750 GB 2.6GHz Core i7 8GB Ram",False,810.0
False,1,False,111422,Apple Laptops,Used,3000,US,2016-04-30T01:48:16.000Z,True,False,231928672036,Auction,PayPal,91754,NA,NA,False,EndedWithSales,Calculated,2016-04-29T21:53:23.000Z,"Macbook Pro 15.4"" a1286 6GB RAM 128GB SSD WORKING For PARTS See Description",False,260.0
False,NA,False,111422,Apple Laptops,Used,3000,US,2016-04-30T17:16:03.000Z,True,False,162054326103,StoreInventory,PayPal,30274,NA,NA,True,EndedWithSales,Free,2016-04-29T21:48:09.000Z,"Apple MacBook Pro 13"" 2.5GHz Core i5 (Mid 2012 - MD101LL/A) 500GB HD, 4GB RAM",True,525.0
True,NA,False,111422,Apple Laptops,Used,3000,US,2016-04-30T17:43:08.000Z,True,False,282021524684,FixedPrice,PayPal,49686,ReferenceID,78157590,False,EndedWithSales,Free,2016-04-29T21:40:30.000Z,"Apple MacBook Pro A1226  15.4"" Laptop - MA895LL/A (June, 2007)",False,250.0
False,1,False,111422,Apple Laptops,Used,3000,US,2016-04-29T21:36:55.000Z,True,False,162054317948,Auction,PayPal,93304,ReferenceID,129572130,False,EndedWithSales,Flat,2016-04-29T21:33:45.000Z,"MacBook Pro 13.3"" Retina 8 GB RAM, 120 GB SSD (works,has issues, sold AS-IS)",False,129.0
True,NA,False,111422,Apple Laptops,Used,3000,US,2016-04-30T16:24:08.000Z,True,False,222102265847,FixedPrice,PayPal,21220,NA,NA,False,EndedWithSales,Calculated,2016-04-29T21:32:50.000Z,MacBook Pro early 2015 A1502,False,925.0
False,NA,False,111422,Apple Laptops,For parts or not working,7000,US,2016-04-30T09:21:36.000Z,True,False,131796911731,StoreInventory,PayPal,11375,NA,NA,False,EndedWithSales,FlatDomesticCalculatedInternational,2016-04-29T21:24:05.000Z,"Apple MacBook Pro A1286 15"" Mid 2009 / No HDD / No Power / Great price!",False,165.0
True,NA,False,111422,Apple Laptops,Used,3000,US,2016-04-29T21:50:30.000Z,False,False,291751561466,StoreInventory,PayPal,60172,NA,NA,True,EndedWithSales,Free,2016-04-29T21:22:56.000Z,"Apple MacBook Pro 15.4"" Laptop MA464LL/A Core Duo 2.0Ghz 2GB 80GB No Battery",False,50.0
False,0,True,111422,Apple Laptops,Used,3000,US,2016-04-29T21:27:58.000Z,True,False,121971772922,AuctionWithBIN,PayPal,75212,ReferenceID,84755204,False,EndedWithoutSales,Calculated,2016-04-29T21:22:31.000Z,"Apple MacBook Pro A1278 13.3"" Laptop - MC374LL/A (April, 2010)",False,100.0
True,NA,False,111422,Apple Laptops,Used,3000,US,2016-04-29T22:27:41.000Z,True,False,172186481022,FixedPrice,PayPal,02125,NA,NA,False,EndedWithSales,Free,2016-04-29T21:10:35.000Z,"Apple MacBook Pro 17"" Laptop (Mid 2010)",False,1250.0
True,NA,False,111422,Apple Laptops,Used,3000,US,2016-04-29T23:56:52.000Z,False,False,162054301664,FixedPrice,PayPal,95304,ReferenceID,115246488,False,EndedWithSales,Flat,2016-04-29T21:09:25.000Z,Apple MacBook Pro 15 Mid 2012 - 256GB SSD/16GB RAM 256SSD,False,900.0
False,NA,False,111422,Apple Laptops,For parts or not working,7000,US,2016-04-29T22:29:21.000Z,True,False,141976355436,StoreInventory,PayPal,11375,NA,NA,False,EndedWithSales,FlatDomesticCalculatedInternational,2016-04-29T21:07:17.000Z,"Apple MacBook Pro 15"" Retina Late 2013/ Water Damaged/ No HDD/ Great Prince!",False,395.0
False,NA,False,111422,Apple Laptops,Used,3000,US,2016-04-29T21:06:59.000Z,False,False,162054297684,FixedPrice,PayPal,95304,ReferenceID,115186026,False,EndedWithSales,Flat,2016-04-29T21:03:46.000Z,"Apple MacBook Pro A1398 15.4"" Laptop (June, 2012) - Customized",False,799.99
True,NA,False,111422,Apple Laptops,Used,3000,US,2016-04-30T21:53:32.000Z,True,False,131796897738,FixedPrice,PayPal,10028,NA,NA,False,EndedWithSales,Calculated,2016-04-29T21:01:39.000Z,"MacBook Pro 13""",False,350.0
True,NA,False,111422,Apple Laptops,Used,3000,US,2016-04-30T12:59:08.000Z,False,False,121971752440,FixedPrice,PayPal,13027,ReferenceID,108796569,True,EndedWithSales,Flat,2016-04-29T20:52:13.000Z,Apple MacBook Pro A128 Core i5 2.3GHz 13'' 320GB  4GB RAM L@@K !!,False,380.0
True,NA,False,111422,Apple Laptops,Used,3000,US,2016-04-29T20:58:12.000Z,True,False,222102234490,FixedPrice,PayPal,01453,ReferenceID,203694364,False,EndedWithSales,Free,2016-04-29T20:50:35.000Z,"Apple MacBook Pro A1398 15.4"" Laptop - MGXA2LL/A (July, 2014)",False,1100.0
False,NA,False,111422,Apple Laptops,Used,3000,US,2016-04-29T22:56:24.000Z,True,False,252372599788,FixedPrice,PayPal,76040,ReferenceID,115182969,True,EndedWithSales,FlatDomesticCalculatedInternational,2016-04-29T20:48:20.000Z,"Apple MacBook Pro 13"" MD313LL/A (Late 2011) Core i5 2.4GH 4GB RAM 500GB Great",True,485.0
False,0,False,111422,Apple Laptops,Used,3000,US,2016-04-30T00:10:05.000Z,True,False,182112451897,Auction,PayPal,23505,ReferenceID,99741550,False,EndedWithoutSales,Calculated,2016-04-29T20:42:29.000Z,"Apple MacBook Pro A1278  13.3"" Laptop - MC700LL/A (February, 2011)",False,246.0
True,NA,False,111422,Apple Laptops,Used,3000,US,2016-04-29T22:51:28.000Z,True,False,322090999401,FixedPrice,PayPal,54016,NA,NA,False,EndedWithSales,Free,2016-04-29T20:35:39.000Z,"2010 Macbook Pro 15"" Hires Matte Screen, i7, 500GB Storage",False,450.0
False,NA,False,111422,Apple Laptops,Used,3000,US,2016-04-29T21:34:43.000Z,False,False,172186449758,StoreInventory,PayPal,21133,NA,NA,True,EndedWithSales,Flat,2016-04-29T20:30:13.000Z,"2011 MacBook Pro 15"" i7 Quad Core 2.5GHz 16GB Ram 1TB HHD HiRes Displ 1Gb Video",False,730.0
False,NA,False,111422,Apple Laptops,Used,3000,US,2016-04-29T20:38:31.000Z,True,False,162054276597,FixedPrice,PayPal,79416,ReferenceID,219486672,False,EndedWithoutSales,Free,2016-04-29T20:29:25.000Z,"Apple MacBook Pro 13.3"" Laptop - Z0QP00008",False,600.0
False,29,False,111422,Apple Laptops,New other (see details),1500,US,2016-04-30T20:29:13.000Z,True,False,111982922051,Auction,PayPal,76520,ReferenceID,115174685,True,EndedWithoutSales,Free,2016-04-29T20:29:13.000Z,Apple MacBook Pro A1278 13 Laptop MD101LL/A 3.1ghz 512GB 16GB APPLECARE MAX SPEC,False,650.0
False,NA,False,111422,Apple Laptops,For parts or not working,7000,US,2016-04-30T00:26:10.000Z,False,False,282021427911,FixedPrice,PayPal,11510,ReferenceID,99704059,False,EndedWithSales,Calculated,2016-04-29T20:13:35.000Z,"Apple MacBook Pro A1286 15.4"" Laptop - MC723LL/A (February, 2011)",False,300.0
False,NA,False,111422,Apple Laptops,Used,3000,US,2016-04-29T20:03:37.000Z,True,False,111982906783,FixedPrice,PayPal,87120,ReferenceID,174477594,False,EndedWithoutSales,Free,2016-04-29T19:59:23.000Z,"Apple MacBook Pro A1502 13.3"" Laptop - ME864LL/A (October, 2013) (Latest Model)",False,985.0
True,NA,False,111422,Apple Laptops,Used,3000,US,2016-04-30T16:33:09.000Z,True,False,262412178125,FixedPrice,PayPal,20175,ReferenceID,174485542,False,EndedWithoutSales,Calculated,2016-04-29T19:58:00.000Z,"Apple MacBook Pro 13.3"" Laptop, Late 2013 - Customized",False,799.0
True,NA,False,111422,Apple Laptops,Used,3000,US,2016-04-29T22:10:37.000Z,True,False,121971714061,StoreInventory,PayPal,95050,ReferenceID,115174685,True,EndedWithSales,FlatDomesticCalculatedInternational,2016-04-29T19:54:59.000Z,"Apple MacBook Pro MID 2012 i5 13"" 2.5 GHz 750 GB HD 8GB RAM MD101LL/A WARRANTY",True,599.0
False,1,False,111422,Apple Laptops,For parts or not working,7000,US,2016-04-30T16:39:55.000Z,False,False,121971708140,Auction,PayPal,91107,ReferenceID,84755204,False,EndedWithSales,NotSpecified,2016-04-29T19:46:24.000Z,"Apple MacBook Pro A1278 13.3"" Laptop - MC374LL/A (April, 2010)",False,200.0
False,1,False,111422,Apple Laptops,Used,3000,US,2016-04-29T20:22:26.000Z,True,False,222102188478,Auction,PayPal,01453,ReferenceID,203694364,False,EndedWithSales,Free,2016-04-29T19:46:04.000Z,"Apple MacBook Pro A1398 15.4"" Laptop - MGXA2LL/A (July, 2014)",False,1200.0
False,0,True,111422,Apple Laptops,Used,3000,US,2016-04-30T17:13:40.000Z,True,False,172185969333,AuctionWithBIN,PayPal,43214,ReferenceID,99741550,False,EndedWithoutSales,Flat,2016-04-29T19:46:00.000Z,Apple MacBook Pro A1278 Laptop MC700LL/A 320GB HDD 4GB RAM Intel Core i5 2.3 GHz,False,265.0
True,NA,False,111422,Apple Laptops,New other (see details),1500,US,2016-04-29T20:39:19.000Z,True,False,252372547538,FixedPrice,PayPal,95124,ReferenceID,208069636,False,EndedWithSales,Calculated,2016-04-29T19:43:08.000Z,"Apple MacBook Pro 13"" Laptop (July, 2014) - LED-Backlit widescreen notebook",False,950.0
False,NA,False,111422,Apple Laptops,Seller refurbished,2500,US,2016-04-30T17:39:09.000Z,True,False,272227984049,StoreInventory,PayPal,34761,NA,NA,True,EndedWithoutSales,Free,2016-04-29T19:35:23.000Z,"MacBook Pro 15.4"" 2.8GHz El Capitan, Office & more. Loaded and Customized!",False,640.0
False,NA,False,111422,Apple Laptops,For parts or not working,7000,US,2016-04-29T19:21:04.000Z,False,False,262412142493,StoreInventory,PayPal,43204,ReferenceID,115139414,False,EndedWithSales,Free,2016-04-29T19:16:21.000Z,"Apple Macbook Pro 13.3"" Laptop i7-3520M 8GB RAM MD102LL/A - A1278",False,249.0
False,NA,False,111422,Apple Laptops,Used,3000,US,2016-04-30T01:46:49.000Z,True,False,262412140268,StoreInventory,PayPal,98121,NA,NA,True,EndedWithSales,Free,2016-04-29T19:14:17.000Z,"TOBY: MacBook Pro 13"", 2.4GHz, UPGRADED 500GB, FULL 1-YEAR WARRANTY, NEAR MINT!",False,489.0
True,NA,False,111422,Apple Laptops,For parts or not working,7000,US,2016-04-29T19:25:26.000Z,False,False,322090939507,FixedPrice,PayPal,90039,NA,NA,False,EndedWithSales,Free,2016-04-29T19:09:50.000Z,Apple Macbook Pro A1278 Intel Core i5/ 4GB RAM 1333MHz DDR3/ (view details),False,200.0
False,1,False,111422,Apple Laptops,Seller refurbished,2500,US,2016-04-29T19:04:03.000Z,True,False,222102150452,Auction,PayPal,01453,ReferenceID,203694364,False,EndedWithSales,Free,2016-04-29T19:02:05.000Z,"Apple MacBook Pro A1398 15.4"" Laptop - MGXA2LL/A (July, 2014)",False,1200.0
False,NA,False,111422,Apple Laptops,For parts or not working,7000,US,2016-04-29T18:58:50.000Z,True,False,262412126022,StoreInventory,PayPal,15003,ReferenceID,115174685,False,EndedWithSales,FlatDomesticCalculatedInternational,2016-04-29T18:56:54.000Z,"Apple MacBook Pro A1278 13.3"" Laptop - MD101LL/A (June, 2012) AS IS",False,265.0
False,NA,False,111422,Apple Laptops,For parts or not working,7000,US,2016-04-30T16:37:05.000Z,True,False,272227948404,StoreInventory,PayPal,48189,ReferenceID,110891711,True,EndedWithSales,FlatDomesticCalculatedInternational,2016-04-29T18:54:47.000Z,"Apple MacBook Pro A1278 13.3"" Laptop - MD313LL/A (October, 2011) BROKEN AS IS",True,199.95
True,NA,False,111422,Apple Laptops,For parts or not working,7000,US,2016-04-29T18:51:43.000Z,True,False,262412112010,FixedPrice,PayPal,90040,NA,NA,False,EndedWithSales,Calculated,2016-04-29T18:43:16.000Z,"Apple A1286 15.4"" 2011 Intel Core i7-2635QM 2.0GHz 4GB Macbook Pro MC721LL/A",False,249.99
True,NA,False,111422,Apple Laptops,Used,3000,US,2016-04-29T19:34:58.000Z,True,False,111982858918,FixedPrice,PayPal,95123,ReferenceID,108796152,True,EndedWithSales,FlatDomesticCalculatedInternational,2016-04-29T18:41:50.000Z,"Apple 17"" MacBook Pro  2011 2.4Ghz Core i7 16GB RAM 750GB HD MD311LL/A",False,850.0
True,NA,False,111422,Apple Laptops,Used,3000,US,2016-04-30T11:55:45.000Z,True,False,191859294152,FixedPrice,PayPal,20009,ReferenceID,108796569,False,EndedWithSales,Calculated,2016-04-29T18:41:44.000Z,"Apple MacBook Pro A1278 13.3"" Laptop (February, 2011)",False,420.0
False,NA,False,111422,Apple Laptops,New,1000,US,2016-04-30T13:23:51.000Z,False,False,222102130444,FixedPrice,PayPal,30519,ReferenceID,217009412,False,EndedWithSales,Free,2016-04-29T18:36:08.000Z,"NEW SEALED Apple MacBook Pro 2015 A1398 15.4""MJLQ2LL/A i7 / 16GB RAM / 256GB SSD",False,1750.0
False,1,False,111422,Apple Laptops,New,1000,US,2016-04-29T18:34:32.000Z,True,False,272227930739,Auction,PayPal,90068,ReferenceID,219424021,False,EndedWithSales,Calculated,2016-04-29T18:30:52.000Z,"512GB APPLECARE Apple MacBook Pro MJLT2LL/A 15.4"" Laptop Retina 2.5 GHz 16GB",False,2295.0
False,0,True,111422,Apple Laptops,Used,3000,US,2016-04-29T18:49:49.000Z,True,False,111982848381,AuctionWithBIN,PayPal,90068,ReferenceID,219424021,False,EndedWithoutSales,Flat,2016-04-29T18:24:08.000Z,"512GB APPLECARE Apple MacBook Pro MJLT2LL/A 15.4"" Laptop Retina 2.5 GHz 16GB",False,1699.0
False,NA,False,111422,Apple Laptops,Used,3000,US,2016-04-30T13:46:05.000Z,True,False,121971644623,StoreInventory,PayPal,18966,ReferenceID,174472295,True,EndedWithSales,FlatDomesticCalculatedInternational,2016-04-29T18:23:01.000Z,"13"" Apple MacBook Pro Retina-2.4GHz Core i5-256GB Flash-8GB-ME865LL/A+Warranty!",True,910.0
False,3,False,111422,Apple Laptops,Used,3000,US,2016-04-30T18:18:15.000Z,True,False,172186300807,Auction,PayPal,47546,ReferenceID,174485542,False,EndedWithSales,Calculated,2016-04-29T18:18:15.000Z,"Apple MacBook Pro 13.3"" Laptop (October, 2013) (Latest Model) - Customized",False,700.0
False,1,False,111422,Apple Laptops,Used,3000,US,2016-04-29T18:17:57.000Z,True,False,301943676539,Auction,PayPal,32707,ReferenceID,143229041,False,EndedWithSales,Calculated,2016-04-29T18:14:10.000Z,"Apple MacBook Pro 15.4"" Retina Display Laptop",False,1750.0
True,NA,False,111422,Apple Laptops,Used,3000,US,2016-04-29T18:38:14.000Z,True,False,301943670930,FixedPrice,PayPal,45647,NA,NA,False,EndedWithoutSales,FlatDomesticCalculatedInternational,2016-04-29T18:06:50.000Z,"Nice 15"" Macbook Pro 2.5GHz",False,350.0
False,NA,False,111422,Apple Laptops,Used,3000,US,2016-04-30T13:41:29.000Z,True,False,262412073612,StoreInventory,PayPal,94112,NA,NA,False,EndedWithSales,Flat,2016-04-29T17:57:09.000Z,"Apple RETINA Macbook Pro 15in late 2013, Applecare 2017, Nvidia",False,1500.0
False,NA,False,111422,Apple Laptops,Used,3000,US,2016-04-30T02:02:44.000Z,False,False,182112239254,FixedPrice,PayPal,60099,ReferenceID,99700122,True,EndedWithSales,FlatDomesticCalculatedInternational,2016-04-29T17:43:17.000Z,"Apple MacBook Pro A1286 15.4"" 2.0GHz i7 4GB 500 GB HD Early 2011",False,519.99
False,0,False,111422,Apple Laptops,Used,3000,US,2016-04-29T17:59:46.000Z,True,False,131796678450,Auction,PayPal,97455,ReferenceID,78092464,False,EndedWithoutSales,Calculated,2016-04-29T17:42:52.000Z,"MacBook Pro (13-inch, Mid 2009), 2.26 GHz, 8GB DDR3, 160 GB HD, w/charger",False,176.0
False,0,False,111422,Apple Laptops,New,1000,US,2016-04-30T19:38:26.000Z,True,False,162054113217,Auction,PayPal,93726,ReferenceID,99741550,False,EndedWithoutSales,Free,2016-04-29T17:41:55.000Z,"Apple MacBook Pro A1278  13.3"" Laptop - MC700LL/A (February, 2011)",False,433.0
False,NA,False,111422,Apple Laptops,Used,3000,US,2016-04-30T15:36:11.000Z,True,False,131796671775,StoreInventory,PayPal,91205,NA,NA,False,EndedWithSales,FlatDomesticCalculatedInternational,2016-04-29T17:34:53.000Z,"Apple Macbook Pro 13"" 2010 (Intel Core 2 Duo, 2.4GHz 4GB 250GB) MS Office 2011",False,365.0
False,NA,False,111422,Apple Laptops,Used,3000,US,2016-04-29T19:07:33.000Z,False,False,172186229068,StoreInventory,PayPal,07621,ReferenceID,110931896,True,EndedWithoutSales,FlatDomesticCalculatedInternational,2016-04-29T17:16:57.000Z,"CUSTOM 17"" APPLE MACBOOK PRO LAPTOP~QUAD CORE 2.2GHZ I7~16GIGS~2TB HARD DRIVE!!",False,1589.0
False,NA,False,111422,Apple Laptops,Used,3000,US,2016-04-29T19:07:33.000Z,False,False,182112214292,StoreInventory,PayPal,07621,ReferenceID,110931896,True,EndedWithoutSales,FlatDomesticCalculatedInternational,2016-04-29T17:15:34.000Z,"CUSTOM 17"" APPLE MACBOOK PRO LAPTOP~QUAD CORE 2.2GHZ I7~16GIGS~1TB SSD HYBRID!!",False,1589.0
False,0,False,111422,Apple Laptops,Used,3000,US,2016-04-29T17:25:15.000Z,True,False,301943632245,Auction,PayPal,33620,ReferenceID,110918529,False,EndedWithoutSales,Flat,2016-04-29T17:14:40.000Z,"Apple MacBook Pro A1278 13.3"" Laptop (October, 2011) - Customized",False,329.0
True,NA,False,111422,Apple Laptops,For parts or not working,7000,US,2016-04-30T03:38:23.000Z,False,False,162054091357,FixedPrice,PayPal,77096,NA,NA,False,EndedWithSales,Calculated,2016-04-29T17:12:42.000Z,Macbook Pro,False,440.0
True,NA,False,111422,Apple Laptops,Used,3000,US,2016-04-29T20:49:03.000Z,True,False,291751372064,FixedPrice,PayPal,60645,ReferenceID,108796569,False,EndedWithoutSales,FlatDomesticCalculatedInternational,2016-04-29T17:05:17.000Z,"Apple MacBook Pro A1278 13.3"" 16gb RAM 320HDD 2011 W/ EXTRAS",False,500.0
False,NA,False,111422,Apple Laptops,Used,3000,US,2016-04-30T15:19:53.000Z,True,False,141976121048,StoreInventory,PayPal,91205,NA,NA,False,EndedWithoutSales,FlatDomesticCalculatedInternational,2016-04-29T17:01:59.000Z,"Apple Macbook Pro 13"" Mid 2012 (Intel Core i5 2.5GHz 4GB 500GB) MS Office 2011",False,495.0
False,NA,False,111422,Apple Laptops,Manufacturer refurbished,2000,US,2016-04-30T03:28:27.000Z,True,False,401113415458,FixedPrice,PayPal,33157,ReferenceID,208086140,True,EndedWithSales,Free,2016-04-29T16:51:13.000Z,"Apple Retina MacBook Pro 15.4"" Laptop 2.8GHz i7 1TB SSD 16GB (July, 2014) Loaded",False,2399.0
True,NA,False,111422,Apple Laptops,For parts or not working,7000,US,2016-04-29T18:28:06.000Z,True,False,141976113016,StoreInventory,PayPal,11375,NA,NA,False,EndedWithSales,Calculated,2016-04-29T16:50:48.000Z,"Apple MacBook Pro early 2011 13""/ Bad GPU/ Powers on/ No HDD/ Great Price!",False,175.0
False,NA,False,111422,Apple Laptops,Used,3000,US,2016-04-29T17:30:28.000Z,False,False,201571899554,FixedPrice,PayPal,60431,ReferenceID,108796569,True,EndedWithSales,Free,2016-04-29T16:49:07.000Z,LOT OF (10) Apple MacBook Pro Model(s) - A1278 & A1286 i5+ i7 Read Description!,False,3500.0
False,NA,False,111422,Apple Laptops,New,1000,US,2016-04-29T17:03:02.000Z,False,False,301943598146,FixedPrice,PayPal,94121,ReferenceID,203694364,True,EndedWithSales,FlatDomesticCalculatedInternational,2016-04-29T16:44:12.000Z,"Apple MacBook Pro 15"" Laptop with Retina Display",False,375.0
False,NA,False,111422,Apple Laptops,Used,3000,US,2016-04-30T21:40:31.000Z,False,False,131796612792,FixedPrice,PayPal,85007,NA,NA,True,EndedWithSales,FlatDomesticCalculatedInternational,2016-04-29T16:42:52.000Z,"Apple MacBook Pro A1150 15"" Core Duo 1.8GHz 1GB 100GB Laptop WiFi Web Cam",True,137.74
True,NA,False,111422,Apple Laptops,Used,3000,US,2016-04-29T21:20:02.000Z,False,False,282021247137,StoreInventory,PayPal,91010,NA,NA,False,EndedWithSales,Flat,2016-04-29T16:39:03.000Z,"Apple Macbook Pro A1226 15.4"" Intel Core 2 Duo 2.2Ghz 4GB RAM 250GB HD OS X Lion",False,199.99
True,NA,False,111422,Apple Laptops,Used,3000,US,2016-04-29T18:10:29.000Z,True,False,131796606875,FixedPrice,PayPal,19465,ReferenceID,84755204,False,EndedWithSales,Calculated,2016-04-29T16:36:25.000Z,"Apple MacBook Pro A1278 13.3"" Laptop - MC374LL/A (April, 2010)",False,600.0
False,NA,False,111422,Apple Laptops,New,1000,US,2016-04-29T20:15:17.000Z,True,False,182112164103,StoreInventory,PayPal,68111,NA,NA,True,EndedWithSales,FlatDomesticCalculatedInternational,2016-04-29T16:35:44.000Z," NEW SEALED 2015 APPLE MACBOOK PRO MF840LL/A 13"" 2.7 8GB 256GB i5 A1502 ",True,1199.33
False,NA,False,111422,Apple Laptops,For parts or not working,7000,US,2016-04-29T18:11:58.000Z,False,False,182112159961,StoreInventory,PayPal,14224,NA,NA,True,EndedWithSales,FlatDomesticCalculatedInternational,2016-04-29T16:30:11.000Z,APPLE MACBOOK PRO A1278 4gb 320gb CORE i5 2.3GHz 2011 LAPTOP ~ AS IS ~  ( WS ),True,300.0
False,0,True,111422,Apple Laptops,For parts or not working,7000,US,2016-04-29T18:53:58.000Z,False,False,262411964973,AuctionWithBIN,PayPal,15003,ReferenceID,115174685,False,EndedWithoutSales,FlatDomesticCalculatedInternational,2016-04-29T16:25:56.000Z,"Apple MacBook Pro A1278 13.3"" Laptop - MD101LL/A (June, 2012) AS IS",False,0.99
True,NA,False,111422,Apple Laptops,New other (see details),1500,US,2016-04-29T16:24:57.000Z,True,False,231928386971,FixedPrice,PayPal,77630,NA,NA,False,EndedWithoutSales,Calculated,2016-04-29T16:19:46.000Z,"2011 Apple MacBook Pro 13.3""",False,1000.0
False,0,True,111422,Apple Laptops,Used,3000,US,2016-04-29T19:01:24.000Z,True,False,252372345194,AuctionWithBIN,PayPal,28546,NA,NA,False,EndedWithoutSales,Flat,2016-04-29T16:18:38.000Z,APPLE MACBOOK PRO RETINA 13'' 2015 2.7ghz I5 256GB SSD 8GB ELCAPTAIN,False,100.0
False,NA,False,111422,Apple Laptops,New,1000,US,2016-04-29T21:23:07.000Z,True,False,291751333369,StoreInventory,PayPal,18966,ReferenceID,219424021,True,EndedWithSales,FlatDomesticCalculatedInternational,2016-04-29T16:16:14.000Z,"NEWEST-2015 Apple MacBook Pro 15"" Retina-2.5GHz Core i7-512GB-16GB RAM-MJLT2LL/A",True,2049.0
False,NA,False,111422,Apple Laptops,Used,3000,US,2016-04-29T18:58:05.000Z,False,False,282021221714,FixedPrice,PayPal,85138,NA,NA,False,EndedWithSales,Calculated,2016-04-29T16:14:58.000Z,"Apple MacBook Pro13.3"" 2.5GHz Duel-core Intel Core i5, 500GB Early 2015",False,850.0
True,NA,False,111422,Apple Laptops,For parts or not working,7000,US,2016-04-29T17:50:07.000Z,True,False,252372335226,FixedPrice,PayPal,91762,NA,NA,False,EndedWithSales,Free,2016-04-29T16:11:12.000Z,Apple MacBook Pro Mid 2009 A1278 2.53 GHz 4GB,False,224.0
True,NA,False,111422,Apple Laptops,Used,3000,US,2016-04-29T17:14:41.000Z,True,False,191859126725,StoreInventory,"['CashOnPickup', 'PayPal']",22046,NA,NA,True,EndedWithSales,Calculated,2016-04-29T16:11:05.000Z,"Apple MacBook Pro 15"" (2008) MB134LL/A Intel Core 2 Duo 4GB RAM 250GB El Capitan",False,109.99
False,1,False,111422,Apple Laptops,For parts or not working,7000,US,2016-04-29T16:22:07.000Z,False,False,172186120874,Auction,PayPal,76706,ReferenceID,115246488,False,EndedWithSales,FlatDomesticCalculatedInternational,2016-04-29T16:10:14.000Z,"Apple MacBook Pro 15.4"" Laptop 2012",False,275.0
True,NA,False,111422,Apple Laptops,New,1000,US,2016-04-29T22:50:11.000Z,True,False,262411943988,FixedPrice,PayPal,08817,NA,NA,False,EndedWithSales,Free,2016-04-29T16:09:05.000Z,FACTORY SEALED! Apple Macbook Pro Retina Display 13.3in 128GB LATEST MODEL!!,False,1100.0
True,NA,False,111422,Apple Laptops,For parts or not working,7000,US,2016-04-29T17:47:49.000Z,False,False,301943565116,FixedPrice,PayPal,44514,ReferenceID,108850048,False,EndedWithSales,Flat,2016-04-29T16:07:55.000Z,"Apple MacBook Pro | 2.66GHz Core 2 Duo | 13"" (MC375LL/A) | 4GB 320GB | AS-IS*",False,150.0
True,NA,False,111422,Apple Laptops,Seller refurbished,2500,US,2016-04-29T16:31:53.000Z,True,False,252372322848,FixedPrice,PayPal,90814,ReferenceID,78092464,False,EndedWithSales,Calculated,2016-04-29T15:58:19.000Z,"Apple MacBook Pro A1278  13.3"" Laptop - MB990LL/A (June, 2009)",False,880.99
True,NA,False,111422,Apple Laptops,Used,3000,US,2016-04-29T20:01:00.000Z,True,False,401113387871,FixedPrice,PayPal,91344,NA,NA,False,EndedWithoutSales,Flat,2016-04-29T15:52:39.000Z,"MacBook Pro Retina 15.4"" i7 2.5GHz/512 SSD/16GB MJLT2LL/A MID 2015 - Warranty",False,1685.0
True,NA,False,111422,Apple Laptops,New other (see details),1500,US,2016-04-29T15:45:59.000Z,True,False,322090106531,FixedPrice,PayPal,91020,NA,NA,False,EndedWithSales,Calculated,2016-04-29T15:43:46.000Z,Apple MacBook Pro 15 Retina Quad Core i7 2.6GHz 16GB RAM 512GB SSD 1GB GPU,False,1400.0
True,NA,False,111422,Apple Laptops,Used,3000,US,2016-04-29T15:57:39.000Z,True,False,262410769137,FixedPrice,PayPal,72701,ReferenceID,219488395,False,EndedWithSales,Calculated,2016-04-29T15:40:42.000Z,"Apple MacBook Pro 13.3"" Laptop - ME864 (2013) Used, Very Good Condition",False,900.0
True,NA,False,111422,Apple Laptops,Used,3000,US,2016-04-29T22:58:43.000Z,False,False,172186098135,FixedPrice,PayPal,28227,ReferenceID,129572130,False,EndedWithoutSales,FlatDomesticCalculatedInternational,2016-04-29T15:36:57.000Z,"Apple MacBook Pro 13.3"" Laptop with Retina Display (October, 2012) - Customized",False,680.0
True,NA,False,111422,Apple Laptops,Used,3000,US,2016-04-30T23:17:46.000Z,False,False,272227769987,StoreInventory,PayPal,30052,ReferenceID,217091238,False,EndedWithSales,FlatDomesticCalculatedInternational,2016-04-29T15:35:00.000Z,"Apple Macbook Pro 13"" Retina (2015) Core i5 @ 2.7, 8GB, 128GB SSD  A1502",False,1000.0
True,NA,False,111422,Apple Laptops,Used,3000,US,2016-05-01T01:32:27.000Z,False,False,282021180544,StoreInventory,PayPal,94608,NA,NA,True,EndedWithSales,Free,2016-04-29T15:32:34.000Z,"Apple MacBook Pro ""Core i7"" 2.2 15"" Late 2011 8GB 500GB Matte Screen",False,675.0
False,NA,False,111422,Apple Laptops,New other (see details),1500,US,2016-04-29T17:25:23.000Z,True,False,262411639339,FixedPrice,PayPal,77532,NA,NA,False,EndedWithSales,Flat,2016-04-29T15:30:07.000Z,"2016 15"" RETINA Apple MacBook Pro i7 2.8 - 4.0 GHz 1 TB SSD 16GB New",False,2600.0
True,NA,False,111422,Apple Laptops,New,1000,US,2016-04-29T15:35:36.000Z,True,False,131796035814,FixedPrice,PayPal,33013,NA,NA,False,EndedWithSales,Calculated,2016-04-29T15:28:58.000Z,"NEW Apple MacBooK Pro 17"" i7 2.4GHZ 16GB RAM  1TB Flash Memory",False,490.0
True,NA,False,111422,Apple Laptops,Used,3000,US,2016-04-29T15:29:38.000Z,False,False,272227765463,StoreInventory,PayPal,94608,ReferenceID,110969698,True,EndedWithoutSales,Free,2016-04-29T15:28:04.000Z,"Apple MacBook Pro ""Core i7"" 2.4 15"" Late 2011 8GB 500GB Matte Screen",False,700.0
False,0,False,111422,Apple Laptops,For parts or not working,7000,US,2016-04-29T15:37:27.000Z,False,False,111982733036,Auction,PayPal,12180,ReferenceID,108850048,False,EndedWithoutSales,Flat,2016-04-29T15:26:50.000Z,"Apple MacBook Mid 2010 13""",False,84.0
True,NA,False,111422,Apple Laptops,Used,3000,US,2016-04-29T17:39:49.000Z,False,False,152072394200,FixedPrice,PayPal,NA,ReferenceID,115174685,False,EndedWithoutSales,Free,2016-04-29T15:21:44.000Z,"Apple MacBook Pro A1278 13.3"" Laptop - MD101LL/A (June, 2012)",False,550.0
False,1,False,111422,Apple Laptops,Used,3000,US,2016-04-29T15:21:40.000Z,True,False,201571317640,Auction,PayPal,22312,ReferenceID,174477604,False,EndedWithSales,Calculated,2016-04-29T15:20:10.000Z,"Apple MacBook Pro  15.4"" 2.2 GHz i7 8GB memory",False,800.0
False,0,True,111422,Apple Laptops,Used,3000,US,2016-04-30T15:19:47.000Z,True,False,111982727964,AuctionWithBIN,PayPal,02038,NA,NA,False,EndedWithoutSales,Calculated,2016-04-29T15:19:47.000Z,"Apple Macbook Pro 13"" 2011 2.3 GHz i5 8GB 320GB",False,450.0
True,NA,False,111422,Apple Laptops,Used,3000,US,2016-04-29T21:51:44.000Z,True,False,282021169482,FixedPrice,PayPal,95134,ReferenceID,99700122,False,EndedWithoutSales,Flat,2016-04-29T15:18:05.000Z,Apple MacBook Pro 15-Inch - Early 2011 - Core i7 2.0GHz - 8GB RAM - Customized,False,750.0
False,0,False,111422,Apple Laptops,For parts or not working,7000,US,2016-04-30T17:59:18.000Z,True,False,222101958610,Auction,PayPal,27703,ReferenceID,78136119,False,EndedWithoutSales,Flat,2016-04-29T15:04:42.000Z,"Macbook Pro Model A1278 - 2.53GHz, 2GB Charges AS IS",False,99.0
True,NA,False,111422,Apple Laptops,New,1000,US,2016-04-30T02:52:18.000Z,False,False,252371639615,FixedPrice,PayPal,30030,NA,NA,False,EndedWithSales,Free,2016-04-29T14:59:43.000Z,"17-inch Apple Macbook Pro, Early 2011 - i7 *Read Description*",False,450.0
False,NA,False,111422,Apple Laptops,Manufacturer refurbished,2000,US,2016-04-29T20:43:48.000Z,False,False,111982709034,StoreInventory,PayPal,60062,NA,NA,True,EndedWithSales,FlatDomesticCalculatedInternational,2016-04-29T14:49:25.000Z,"Apple MacBook Pro 17"" i7 2.2GHz 8GB 750GB - LIGHTLY USED BATTERY+PERFECT+RARE!",False,1115.0
False,NA,False,111422,Apple Laptops,Used,3000,US,2016-04-29T21:07:44.000Z,True,False,252372253512,StoreInventory,PayPal,72701,NA,NA,True,EndedWithSales,Calculated,2016-04-29T14:42:20.000Z,"Apple MacBook Pro 13"" 2011 Laptop (2.3 GHz Intel Core i5, 4GB, 320GB) MC700LL/A",True,409.99
False,NA,False,111422,Apple Laptops,For parts or not working,7000,US,2016-04-29T15:14:04.000Z,True,False,252372253517,StoreInventory,PayPal,72701,ReferenceID,84755204,False,EndedWithSales,Calculated,2016-04-29T14:42:20.000Z,"Apple MacBook Pro 13"" 2010 Laptop (2.4 GHz Intel C2D, 4GB, 500GB) MC374LL/A",False,209.99
False,NA,False,111422,Apple Laptops,For parts or not working,7000,US,2016-04-30T21:15:11.000Z,True,False,252372253508,StoreInventory,PayPal,72701,NA,NA,False,EndedWithSales,Calculated,2016-04-29T14:42:19.000Z,"Apple MacBook Pro 17"" 2008 Laptop (2.5 GHz Intel Core 2 Duo) MB166/A",False,99.99
False,NA,False,111422,Apple Laptops,Used,3000,US,2016-04-30T20:27:38.000Z,True,False,111982697196,FixedPrice,PayPal,68521,ReferenceID,143421978,False,EndedWithoutSales,FlatDomesticCalculatedInternational,2016-04-29T14:24:29.000Z,"Used Apple MacBook Pro A1398 15.4"" Laptop - ME664LL/A (February, 2013)",False,999.0
False,NA,False,111422,Apple Laptops,Used,3000,US,2016-04-29T17:31:40.000Z,True,False,182112037565,FixedPrice,PayPal,01721,NA,NA,False,EndedWithoutSales,Calculated,2016-04-29T14:15:59.000Z,Mid-2014 Apple MacBook Pro 15 Retina i7 2.2Ghz 16GB 256GB excellent!,False,1400.0
True,NA,False,111422,Apple Laptops,For parts or not working,7000,US,2016-04-29T14:38:16.000Z,True,False,121971420341,FixedPrice,PayPal,07869,ReferenceID,78157590,False,EndedWithSales,Free,2016-04-29T14:15:35.000Z,"As-Is MacBook Pro 15.4"" (A1226 / Emc2136) Late 2007 - 2.2Ghz, 8GB RAM, 120GB HD",False,60.0
True,NA,False,111422,Apple Laptops,Used,3000,US,2016-04-29T14:28:59.000Z,True,False,191859034118,FixedPrice,PayPal,20009,ReferenceID,108796569,False,EndedWithSales,Calculated,2016-04-29T14:05:28.000Z,"Apple MacBook Pro A1278 13.3"" Laptop (February, 2011)",False,450.0
False,NA,False,111422,Apple Laptops,Used,3000,US,2016-04-29T21:58:31.000Z,False,False,111982682104,StoreInventory,PayPal,60653,NA,NA,True,EndedWithSales,Free,2016-04-29T13:58:05.000Z,"2015   15""Retina MacBook Pro 2.5 Ghz i7,16 Gb Ram,512 Gb,MINT Mjlt2ll/a",True,1749.0
True,NA,False,111422,Apple Laptops,Used,3000,US,2016-04-30T07:15:31.000Z,True,False,231928258600,FixedPrice,PayPal,06418,NA,NA,False,EndedWithoutSales,Free,2016-04-29T13:47:12.000Z,"Apple MacBook Pro 13.3 Laptop w/Retina, Intel Core i7 3.1GHz, 512gb SSD,16gb RAM",False,1996.0
True,NA,False,111422,Apple Laptops,Used,3000,US,2016-04-29T21:25:29.000Z,True,False,172185927507,FixedPrice,PayPal,02143,ReferenceID,84755204,True,EndedWithSales,FlatDomesticCalculatedInternational,2016-04-29T13:26:06.000Z,"Apple MacBook Pro A1278 13.3"" Laptop - MC374LL/A (April, 2010) 320 GB Hard Drive",False,399.0
True,NA,False,111422,Apple Laptops,Used,3000,US,2016-04-29T17:09:57.000Z,False,False,121971375607,FixedPrice,PayPal,30904,NA,NA,False,EndedWithSales,Flat,2016-04-29T13:06:53.000Z,"MacBook Pro 15"" Intel Core i5 (2010)",False,450.0
True,NA,False,111422,Apple Laptops,Manufacturer refurbished,2000,US,2016-04-29T13:02:24.000Z,True,False,152071705519,FixedPrice,PayPal,89102,ReferenceID,129572130,False,EndedWithSales,Calculated,2016-04-29T12:57:10.000Z,"Apple MacBook Pro 13.3"" i7 3Ghz 8GB RAM + SSD",False,845.0
False,NA,False,111422,Apple Laptops,Used,3000,US,2016-04-29T13:25:55.000Z,False,False,222101866023,FixedPrice,PayPal,NA,ReferenceID,217091238,True,EndedWithSales,FlatDomesticCalculatedInternational,2016-04-29T12:42:26.000Z,"MacBook Pro 13.3"" Retina Display - 2.7GHz / 8GB RAM / 128GB SSD / New Battery",False,925.0
False,0,True,111422,Apple Laptops,Used,3000,US,2016-04-29T02:44:59.000Z,True,False,131795909296,AuctionWithBIN,PayPal,80301,NA,NA,False,EndedWithoutSales,Flat,2016-04-29T11:59:16.000Z,Macbook Pro 13'' - Mid 2012 - 4GB RAM - 750GB Hard Drive,False,0.99
False,NA,False,111422,Apple Laptops,Seller refurbished,2500,US,2016-04-29T12:13:47.000Z,True,False,111982621694,FixedPrice,PayPal,33433,NA,NA,False,EndedWithSales,Free,2016-04-29T11:58:43.000Z,Beautiful and Pristine Condition MacBook Pro 15 Inch,False,341.0
False,NA,False,111422,Apple Laptops,Used,3000,US,2016-04-30T23:10:19.000Z,False,False,371612373321,StoreInventory,PayPal,20171,NA,NA,False,EndedWithSales,Flat,2016-04-29T11:41:52.000Z,"Apple MacBook Pro 15.4"" Laptop  2007 2.50GHz/4GB/320HD OS X 10.8.5",False,225.0
False,0,False,111422,Apple Laptops,Used,3000,US,2016-04-29T18:13:12.000Z,True,False,262410587524,Auction,PayPal,07310,NA,NA,False,EndedWithoutSales,Calculated,2016-04-29T10:54:56.000Z,"Apple MacBookPro Intel Core i5 13.3"" Display 4GB,500GB",False,500.0
False,NA,False,111422,Apple Laptops,New,1000,US,2016-04-29T22:04:47.000Z,False,False,322090498439,StoreInventory,PayPal,19070,ReferenceID,216443224,False,EndedWithSales,Calculated,2016-04-29T10:36:16.000Z,"Apple Macbook Pro MF840LL/A 8GB Ram , 256GB HDD, 13.3"" Display 2.7Ghz",False,1279.0
True,NA,False,111422,Apple Laptops,New other (see details),1500,US,2016-04-29T04:06:51.000Z,True,False,252371453186,FixedPrice,PayPal,70776,ReferenceID,203733933,False,EndedWithoutSales,Flat,2016-04-29T10:31:23.000Z,"Apple MacBook Pro A1502 13.3"" Laptop - MGX72LL/A (2014)",False,660.0
False,NA,False,111422,Apple Laptops,Used,3000,US,2016-04-29T18:05:59.000Z,True,False,231928057795,FixedPrice,PayPal,78613,NA,NA,False,EndedWithSales,Free,2016-04-29T10:15:28.000Z,"Apple MacBook Pro Retina 13"" Early 2015 2.7GHz i5 256GB SSD 8GB RAM | AppleCare",False,940.0
True,NA,False,111422,Apple Laptops,New other (see details),1500,US,2016-04-28T22:14:56.000Z,True,False,252371437314,FixedPrice,PayPal,70776,ReferenceID,203733933,False,EndedWithoutSales,Flat,2016-04-29T10:13:23.000Z,"Apple MacBook Pro A1502 13.3"" Laptop - MGX72LL/A (2014)",False,660.0
True,NA,False,111422,Apple Laptops,New,1000,US,2016-04-29T12:15:13.000Z,True,False,252371591807,FixedPrice,PayPal,07305,ReferenceID,216443224,False,EndedWithSales,Calculated,2016-04-29T09:45:43.000Z,"Apple MacBook Pro A1502 13.3"" Laptop - MF840LL/A (March, 2015)",False,1552.0
True,NA,False,111422,Apple Laptops,Used,3000,US,2016-04-28T21:49:19.000Z,False,False,182111140452,FixedPrice,PayPal,48380,NA,NA,False,EndedWithoutSales,Free,2016-04-29T08:03:27.000Z,"Apple MacBook Pro 13"" (Mid 2010) 2.4GHz Intel Core 2 Duo 4GB 500GB",False,389.99
False,NA,False,111422,Apple Laptops,Used,3000,US,2016-04-29T20:43:37.000Z,True,False,252371830367,StoreInventory,PayPal,98033,NA,NA,False,EndedWithSales,Free,2016-04-29T07:42:37.000Z,"Apple MacBook Pro 13"" 2.5GHz Core i5 (Mid 2012 - MD101LL/A) 500GB HD, 4GB RAM",False,565.0
False,NA,False,111422,Apple Laptops,Used,3000,US,2016-04-29T22:55:32.000Z,True,False,282020812407,FixedPrice,PayPal,83440,ReferenceID,78157570,False,EndedWithoutSales,Calculated,2016-04-29T07:04:32.000Z,"Apple MacBook Pro A1286  15.4"" Laptop - MB986LL/A (June, 2009)",False,500.0
True,NA,False,111422,Apple Laptops,New,1000,US,2016-04-28T23:23:18.000Z,True,False,252371470144,FixedPrice,PayPal,07305,ReferenceID,216443224,False,EndedWithoutSales,Calculated,2016-04-29T06:54:22.000Z,"Apple MacBook Pro A1502 13.3"" Laptop - MF840LL/A (March, 2015)",False,1489.99
True,NA,False,111422,Apple Laptops,New other (see details),1500,US,2016-04-29T22:49:49.000Z,True,False,201570932635,FixedPrice,PayPal,34288,ReferenceID,219476966,False,EndedWithSales,Calculated,2016-04-29T06:49:20.000Z,"Apple MacBook Pro 13.3"" Laptop - retina display late (2015)",False,900.0
True,NA,False,111422,Apple Laptops,Used,3000,US,2016-04-29T06:43:18.000Z,False,False,231927819648,FixedPrice,PayPal,10029,ReferenceID,78092464,False,EndedWithoutSales,Flat,2016-04-29T06:41:19.000Z,"Apple MacBook Pro June, 2009)",False,400.0
False,NA,False,111422,Apple Laptops,Used,3000,US,2016-04-29T09:55:02.000Z,True,False,121971128040,StoreInventory,PayPal,47129,ReferenceID,108837583,False,EndedWithoutSales,Free,2016-04-29T05:47:37.000Z,"MacBook Pro 13"" Mid 2009 2.53GHz Core 2 8GB RAM 512GB SSD Samsung Evo Pro 840",False,600.0
False,1,False,111422,Apple Laptops,Used,3000,US,2016-04-29T05:21:00.000Z,True,False,252371139040,Auction,PayPal,44028,ReferenceID,110909849,False,EndedWithSales,Calculated,2016-04-29T05:08:13.000Z,"Apple MacBook Pro A1278 13.3"" Laptop",False,559.0
False,0,False,111422,Apple Laptops,Used,3000,US,2016-04-29T04:52:48.000Z,False,False,291750980942,Auction,"['CashOnPickup', 'PayPal']",92604,NA,NA,True,EndedWithoutSales,FreePickup,2016-04-29T04:51:56.000Z,Apple MacBook Pro 15.4 Retina i7 512GB SSD Perfect Condition,False,500.0
True,NA,False,111422,Apple Laptops,Used,3000,US,2016-04-29T05:12:27.000Z,False,False,162053530909,FixedPrice,PayPal,92543,NA,NA,True,EndedWithSales,Calculated,2016-04-29T04:37:26.000Z,MAcbook Pro 13 A1278 i5-3210M 4GB Memory 500GB Drive,False,400.0
False,NA,False,111422,Apple Laptops,New,1000,US,2016-04-29T17:40:49.000Z,True,False,152071875904,StoreInventory,PayPal,89147,ReferenceID,216443224,True,EndedWithoutSales,Free,2016-04-29T04:36:58.000Z,New & Sealed Early 2015 Apple MacBook Pro 13 i5 2.7Ghz 8GB 256GB MF840LL/A A1502,True,1299.99
True,NA,False,111422,Apple Laptops,Used,3000,US,2016-04-29T05:37:36.000Z,False,False,162053530673,FixedPrice,PayPal,92543,NA,NA,True,EndedWithSales,Calculated,2016-04-29T04:36:45.000Z,Macbook Pro 13 A1278 i5-3210M 4GB Memory 128GB Hard Drive,False,400.0
True,NA,False,111422,Apple Laptops,Used,3000,US,2016-04-29T05:12:18.000Z,False,False,162053530353,FixedPrice,PayPal,92543,NA,NA,True,EndedWithSales,Calculated,2016-04-29T04:36:00.000Z,Macbook Pro 13 A1278 i5-3210M 4GB Memory 500GB Hard Drive,False,400.0
False,0,False,111422,Apple Laptops,Used,3000,US,2016-04-30T04:35:19.000Z,False,False,252371695360,Auction,PayPal,19454,ReferenceID,115182969,True,EndedWithoutSales,Free,2016-04-29T04:35:19.000Z,"Great condition MacBook Pro 13"" 2.5ghz i5/16gb/500gb HD MD101LL/A BUNDLE+MORE",True,775.0
False,0,False,111422,Apple Laptops,Used,3000,US,2016-04-30T04:35:19.000Z,True,False,262410795578,Auction,PayPal,19454,ReferenceID,174485542,True,EndedWithoutSales,Free,2016-04-29T04:35:19.000Z,"Great cond MacBook Pro 13"" RETINA 2.5ghz i5/8gb ram 256 SSD MD212LL/A w/ EXTRAS!",True,880.0
True,NA,False,111422,Apple Laptops,Used,3000,US,2016-04-29T05:12:39.000Z,False,False,162053529990,FixedPrice,PayPal,92543,NA,NA,True,EndedWithSales,Calculated,2016-04-29T04:35:18.000Z,MAcbook Pro 13 A1278 i5-3210M 4GB Memory 128GB Solid State,False,400.0
False,0,False,111422,Apple Laptops,Used,3000,US,2016-04-30T04:35:18.000Z,False,False,252371695349,Auction,PayPal,19454,NA,NA,True,EndedWithoutSales,Free,2016-04-29T04:35:18.000Z,"GREAT cond. MacBook Pro 13"" RETINA 2.4ghz i5/8gb/128gb SSD ME864LL/A w/EXTRAS!",True,949.0
False,0,False,111422,Apple Laptops,Used,3000,US,2016-04-30T04:35:18.000Z,False,False,252371695355,Auction,PayPal,19454,NA,NA,True,EndedWithoutSales,Free,2016-04-29T04:35:18.000Z,"Mint Apple MacBook Pro 15"" 2.3ghz i7 QUAD/8gb/500gb MD103LL/A BUNDLE+WARRANTY!!!",True,899.0
False,0,False,111422,Apple Laptops,Used,3000,US,2016-04-30T04:35:18.000Z,False,False,252371695356,Auction,PayPal,19454,ReferenceID,99700122,True,EndedWithoutSales,Free,2016-04-29T04:35:18.000Z,"Great Cond MacBook Pro 15"" 2.0ghz i7 QUAD/8gb/500gb MC721LL/A BUNDLE+WARRANTY!!!",True,775.0
False,0,False,111422,Apple Laptops,Used,3000,US,2016-04-30T04:35:18.000Z,False,False,262410795569,Auction,PayPal,19454,NA,NA,True,EndedWithoutSales,Free,2016-04-29T04:35:18.000Z,"MINT MacBook Pro 13"" RETINA 2.6ghz i5/16gb/128gb SSD ME866LL/A w/EXTRAS+WARRANTY",True,1099.0
False,0,False,111422,Apple Laptops,Used,3000,US,2016-04-30T04:35:18.000Z,False,False,262410795570,Auction,PayPal,19454,NA,NA,True,EndedWithoutSales,Free,2016-04-29T04:35:18.000Z,"Mint MacBook Pro RETINA 15"" 2.3ghz i7/16gb/256gb SSD ME293LL/A+EXTRAS+WARRANTY!!",True,1375.0
False,0,False,111422,Apple Laptops,Used,3000,US,2016-04-30T04:35:18.000Z,False,False,262410795571,Auction,PayPal,19454,NA,NA,True,EndedWithoutSales,Free,2016-04-29T04:35:18.000Z,"MINT cond. MacBook Pro 13"" RETINA 2.6ghz i5/8gb/512gb SSD ME866LL/A w/EXTRAS!",True,1149.0
False,0,False,111422,Apple Laptops,Used,3000,US,2016-04-30T04:35:18.000Z,False,False,262410795573,Auction,PayPal,19454,NA,NA,True,EndedWithoutSales,Free,2016-04-29T04:35:18.000Z,"MINT MacBook Pro 13"" RETINA 2.6ghz i5/16gb/512gb SSD ME866LL/A w/EXTRAS+WARRANTY",True,1299.0
False,0,False,111422,Apple Laptops,Used,3000,US,2016-04-30T04:35:18.000Z,False,False,262410795574,Auction,PayPal,19454,NA,NA,True,EndedWithoutSales,Free,2016-04-29T04:35:18.000Z,"Mint MacBook Pro RETINA 15"" 2.3ghz i7/8gb/256gb SSD MC975LL/A +EXTRAS+CASE+MORE!",True,1199.0
False,0,False,111422,Apple Laptops,Used,3000,US,2016-04-30T04:35:18.000Z,False,False,262410795575,Auction,PayPal,19454,NA,NA,True,EndedWithoutSales,Free,2016-04-29T04:35:18.000Z,"MINT cond. MacBook Pro 13"" RETINA 2.4ghz i5/8gb/256gb SSD ME864LL/A w/EXTRAS!",True,1049.0
False,1,False,111422,Apple Laptops,Used,3000,US,2016-04-30T04:34:09.000Z,False,False,262410795057,Auction,PayPal,19454,NA,NA,True,EndedWithSales,Free,2016-04-29T04:34:09.000Z,"Mint MacBook Pro RETINA 15"" 2.0ghz i7/16gb/256gb SSD ME293LL/A+EXTRAS+WARRANTY!!",True,1299.0
False,0,False,111422,Apple Laptops,Used,3000,US,2016-04-30T04:32:18.000Z,True,False,252371693959,Auction,PayPal,60657,NA,NA,False,EndedWithoutSales,FlatDomesticCalculatedInternational,2016-04-29T04:32:18.000Z,"Apple MacBook Pro 15"" 15.4 Laptop Retina Display (Mid 2012) - 256GB SSD/16GB RAM",False,900.0
False,0,True,111422,Apple Laptops,For parts or not working,7000,US,2016-04-30T17:08:43.000Z,False,False,131796057901,AuctionWithBIN,PayPal,91501,NA,NA,False,EndedWithoutSales,FlatDomesticCalculatedInternational,2016-04-29T04:19:33.000Z,13” MacBook Pro MBP 13.3/2.5/2X4GB/500/SD  Purchasedon 6/26/12 Model #MD633G/A,False,75.0
False,0,False,111422,Apple Laptops,Used,3000,US,2016-04-30T09:23:33.000Z,False,False,231927736767,Auction,PayPal,95120,ReferenceID,219424021,False,EndedWithoutSales,FlatDomesticCalculatedInternational,2016-04-29T04:05:09.000Z,"*LIKE NEW* Apple MacBook Pro A1398 15.4"" Laptop - MJLT2LL/A (May, 2015)",False,1500.0
False,50,False,111422,Apple Laptops,Used,3000,US,2016-04-30T03:52:57.000Z,True,False,262410774811,Auction,PayPal,20770,ReferenceID,143381227,False,EndedWithSales,Free,2016-04-29T03:52:57.000Z,"Apple MacBook Pro 13"" Retina (2013) Core i5 @ 2.6 GHz, 8GB, 256GB SSD",False,780.0
False,NA,False,111422,Apple Laptops,Used,3000,US,2016-04-29T19:14:10.000Z,True,False,291750958409,FixedPrice,PayPal,97205,NA,NA,False,EndedWithSales,Flat,2016-04-29T03:47:36.000Z,"Apple Macbook Pro Retina 13.3"" 2.5GHz 8GB i5 Late 2012 El Capitan 13 inch A1425",False,695.0
False,1,False,111422,Apple Laptops,Used,3000,US,2016-04-29T03:49:12.000Z,True,False,282020681205,Auction,PayPal,48842,ReferenceID,219424021,False,EndedWithSales,Calculated,2016-04-29T03:46:17.000Z,15-inch MacBook Pro with Retina display - 2.5GHz Processor  512 GB Storage,False,1550.0
False,NA,False,111422,Apple Laptops,Used,3000,US,2016-04-30T20:02:56.000Z,False,False,172185395742,FixedPrice,PayPal,75007,ReferenceID,115174372,False,EndedWithSales,Free,2016-04-29T03:44:37.000Z,"Apple MacBook Pro A1286 15.4"" Laptop (June, 2012) 1TB 2.6GHz i7 8GB Anti-Glare",False,879.0
False,0,False,111422,Apple Laptops,Used,3000,US,2016-04-30T19:05:44.000Z,False,False,252371664167,Auction,PayPal,91364,ReferenceID,174532080,False,EndedWithoutSales,Free,2016-04-29T03:41:20.000Z,"Apple MacBook Pro A1502 13.3"" Laptop - ME866LL/A (October, 2013) (Latest Model)",False,969.0
True,NA,False,111422,Apple Laptops,Used,3000,US,2016-04-29T17:54:28.000Z,True,False,111982362347,StoreInventory,PayPal,33435,NA,NA,False,EndedWithSales,Free,2016-04-29T03:41:15.000Z,"Late 2011 Apple MacBook Pro 13""  2.4ghz I5 4gb RAM 500gb HDD Works Great",False,474.99
False,1,False,111422,Apple Laptops,Used,3000,US,2016-04-29T03:44:22.000Z,True,False,322089669441,Auction,PayPal,63133,ReferenceID,115204077,False,EndedWithSales,Free,2016-04-29T03:39:40.000Z,"Apple MacBook Pro 15.4"" Laptop with Retina Display Mid, 2014)",False,700.0
True,NA,False,111422,Apple Laptops,Used,3000,US,2016-04-29T03:34:43.000Z,True,False,322090101669,FixedPrice,PayPal,94118,NA,NA,True,EndedWithSales,Calculated,2016-04-29T03:33:00.000Z,MacBook  Pro 2012,False,151.0
False,0,False,111422,Apple Laptops,Used,3000,US,2016-04-29T03:33:38.000Z,True,False,322090097318,Auction,PayPal,94118,NA,NA,True,EndedWithoutSales,Calculated,2016-04-29T03:24:28.000Z,MacBook  Pro,False,168.0
False,0,True,111422,Apple Laptops,Used,3000,US,2016-04-28T17:27:37.000Z,False,False,272226852446,AuctionWithBIN,PayPal,82930,ReferenceID,133901446,True,EndedWithoutSales,Free,2016-04-29T03:13:02.000Z,"Apple MacBook Pro A1278 13.3"" Laptop - MD101LL/A (June, 2012)",False,100.0
False,0,False,111422,Apple Laptops,Manufacturer refurbished,2000,US,2016-04-30T03:12:43.000Z,False,False,252371647215,Auction,PayPal,92130,NA,NA,True,EndedWithoutSales,FlatDomesticCalculatedInternational,2016-04-29T03:12:43.000Z,Apple MacBook Pro 15 Retina Quad Core i7 2.6GHz 16GB RAM 512GB SSD 1GB GPU,False,1496.0
False,NA,False,111422,Apple Laptops,New,1000,US,2016-04-29T21:27:15.000Z,True,False,191858579077,StoreInventory,PayPal,33101,NA,NA,False,EndedWithSales,Flat,2016-04-29T03:12:00.000Z,"NEW Apple MacBook Pro 15.4"" i7 2.5GHZ RETINA DISPLAY- MJLT2LL/A -GLOBAL WARRANTY",False,2050.0
False,0,False,111422,Apple Laptops,Manufacturer refurbished,2000,US,2016-04-30T03:09:59.000Z,False,False,252371645564,Auction,PayPal,92130,NA,NA,True,EndedWithoutSales,FlatDomesticCalculatedInternational,2016-04-29T03:09:59.000Z,Apple MacBook Pro 15 Retina Quad Core i7 2.6GHz 16GB RAM 512GB SSD 1GB GPU,False,1492.0
False,0,False,111422,Apple Laptops,Manufacturer refurbished,2000,US,2016-04-30T03:07:55.000Z,False,False,252371644319,Auction,PayPal,92130,NA,NA,True,EndedWithoutSales,FlatDomesticCalculatedInternational,2016-04-29T03:07:55.000Z,Apple MacBook Pro 15 Retina Quad Core i7 2.6GHz 16GB RAM 512GB SSD 1GB GPU,False,1490.0
True,NA,False,111422,Apple Laptops,Used,3000,US,2016-04-29T20:23:07.000Z,True,False,322090086438,FixedPrice,PayPal,89431,ReferenceID,203733933,True,EndedWithSales,Calculated,2016-04-29T03:06:09.000Z,"MacBook Pro 13"" (Jul 2014) i5 2.6GHz/8GB RAM/128GB SSD Windows 10 Pro",False,770.0
True,NA,False,111422,Apple Laptops,Seller refurbished,2500,US,2016-04-29T12:42:12.000Z,True,False,262410746047,FixedPrice,PayPal,84070,NA,NA,True,EndedWithSales,Calculated,2016-04-29T03:05:31.000Z,"Apple MacBook Pro 15.4"", i5, 8GB RAM, 240 GB SSD, mid 2010, Amazing Deal!",False,850.0
True,NA,False,111422,Apple Laptops,Seller refurbished,2500,US,2016-04-29T13:59:56.000Z,True,False,252371640598,StoreInventory,PayPal,NA,NA,NA,False,EndedWithoutSales,Free,2016-04-29T03:01:21.000Z,"Apple MacBook Pro 15"" Laptop Bundle i7 16 GB RAM 1TB SSD hybrid non retina",False,975.0
False,0,False,111422,Apple Laptops,Manufacturer refurbished,2000,US,2016-04-30T02:55:39.000Z,False,False,252371636079,Auction,PayPal,92130,NA,NA,True,EndedWithoutSales,FlatDomesticCalculatedInternational,2016-04-29T02:55:39.000Z,Apple MacBook Pro 15 Retina Quad Core i7 2.6GHz 16GB RAM 512GB SSD 1GB GPU,False,1491.0
False,0,True,111422,Apple Laptops,Used,3000,US,2016-04-29T02:49:03.000Z,True,False,301943041687,AuctionWithBIN,PayPal,20169,ReferenceID,174532080,False,EndedWithoutSales,Calculated,2016-04-29T02:47:03.000Z,"Apple MacBook Pro A1502 13.3"" 512GB Laptop - ME866LL/A (October, 2013) w/ Extras",False,450.0
False,0,False,111422,Apple Laptops,Manufacturer refurbished,2000,US,2016-04-29T19:01:09.000Z,False,False,252371626946,Auction,PayPal,92130,NA,NA,True,EndedWithoutSales,FlatDomesticCalculatedInternational,2016-04-29T02:45:21.000Z,Apple MacBook Pro 15 Retina Quad Core i7 2.6GHz 16GB RAM 512GB SSD 2GB GPU Mint,False,1399.0
False,0,False,111422,Apple Laptops,Manufacturer refurbished,2000,US,2016-04-30T02:40:36.000Z,False,False,252371621038,Auction,PayPal,92130,NA,NA,True,EndedWithoutSales,FlatDomesticCalculatedInternational,2016-04-29T02:40:36.000Z,Apple MacBook Pro 15 Retina Quad Core i7 2.6GHz 16GB RAM 512GB SSD 2GB GPU Mint,False,1599.0
True,NA,False,111422,Apple Laptops,Used,3000,US,2016-04-29T13:38:13.000Z,True,False,331843363786,FixedPrice,PayPal,33426,NA,NA,False,EndedWithSales,Calculated,2016-04-29T02:38:03.000Z,Apple MacBook Pro 13.3 inch (Early 2011),False,580.0
True,NA,False,111422,Apple Laptops,Used,3000,US,2016-04-29T02:56:43.000Z,True,False,182111462874,FixedPrice,PayPal,01721,ReferenceID,217009412,False,EndedWithoutSales,Calculated,2016-04-29T02:30:16.000Z,Mid-2015 Apple MacBook Pro 15 Retina i7 2.2Ghz 16GB 256GB MJLQ2LL/A excellent!,False,1450.0
True,NA,False,111422,Apple Laptops,Seller refurbished,2500,US,2016-04-29T02:32:28.000Z,True,False,222101307041,FixedPrice,PayPal,94577,ReferenceID,216443224,False,EndedWithSales,Free,2016-04-29T02:29:40.000Z,"Apple MacBook Pro A1502 13.3"" Laptop - MF840LL/A (March, 2015)",False,1071.0
False,1,False,111422,Apple Laptops,For parts or not working,7000,US,2016-04-29T02:32:55.000Z,False,False,262410725707,Auction,PayPal,15003,ReferenceID,115174685,False,EndedWithSales,FlatDomesticCalculatedInternational,2016-04-29T02:27:52.000Z,"Apple MacBook Pro A1278 13.3"" Laptop - MD101LL/A (June, 2012) AS IS",False,250.0
False,0,False,111422,Apple Laptops,Manufacturer refurbished,2000,US,2016-04-29T02:38:03.000Z,False,False,252371618626,Auction,PayPal,92130,NA,NA,True,EndedWithoutSales,FlatDomesticCalculatedInternational,2016-04-29T02:25:19.000Z,Apple MacBook Pro 15 Retina Quad Core i7 2.6GHz 16GB RAM 512GB SSD 1GB GPU,False,1391.0
True,NA,False,111422,Apple Laptops,For parts or not working,7000,US,2016-04-29T03:32:15.000Z,False,False,121971014877,FixedPrice,PayPal,92562,ReferenceID,115136941,False,EndedWithSales,FlatDomesticCalculatedInternational,2016-04-29T02:21:35.000Z,"Apple MacBook Pro 15.4"" Laptop with Retina Display (June, 2012). For Parts",False,550.0
